"dataset","method","threshold","auroc","n_true"
"5yr_pic","Decipher",0,0.581,106
"5yr_pic","SumOverTFs",0,0.582,106
"5yr_pic","NoSpearmanSign",0,0.502,106
"5yr_pic","UnsignedMagnitude",0,0.525,106
"5yr_pic","ImpOnly",0,0.525,106
"5yr_pic","Decipher",1,0.589,43
"5yr_pic","SumOverTFs",1,0.589,43
"5yr_pic","NoSpearmanSign",1,0.548,43
"5yr_pic","UnsignedMagnitude",1,0.585,43
"5yr_pic","ImpOnly",1,0.585,43
"5yr_pic","Decipher",2,0.583,28
"5yr_pic","SumOverTFs",2,0.583,28
"5yr_pic","NoSpearmanSign",2,0.55,28
"5yr_pic","UnsignedMagnitude",2,0.61,28
"5yr_pic","ImpOnly",2,0.61,28
"5yr_pic","Decipher",3,0.532,23
"5yr_pic","SumOverTFs",3,0.532,23
"5yr_pic","NoSpearmanSign",3,0.544,23
"5yr_pic","UnsignedMagnitude",3,0.571,23
"5yr_pic","ImpOnly",3,0.57,23
"5yr_pic","Decipher",4,0.568,20
"5yr_pic","SumOverTFs",4,0.568,20
"5yr_pic","NoSpearmanSign",4,0.588,20
"5yr_pic","UnsignedMagnitude",4,0.567,20
"5yr_pic","ImpOnly",4,0.566,20
"5yr_pic","Decipher",5,0.55,18
"5yr_pic","SumOverTFs",5,0.55,18
"5yr_pic","NoSpearmanSign",5,0.574,18
"5yr_pic","UnsignedMagnitude",5,0.553,18
"5yr_pic","ImpOnly",5,0.552,18
"5yr_pic","Decipher",6,0.539,14
"5yr_pic","SumOverTFs",6,0.539,14
"5yr_pic","NoSpearmanSign",6,0.578,14
"5yr_pic","UnsignedMagnitude",6,0.557,14
"5yr_pic","ImpOnly",6,0.556,14
"5yr_pic","Decipher",7,0.508,12
"5yr_pic","SumOverTFs",7,0.508,12
"5yr_pic","NoSpearmanSign",7,0.556,12
"5yr_pic","UnsignedMagnitude",7,0.535,12
"5yr_pic","ImpOnly",7,0.534,12
"5yr_pic","Decipher",8,0.513,11
"5yr_pic","SumOverTFs",8,0.513,11
"5yr_pic","NoSpearmanSign",8,0.569,11
"5yr_pic","UnsignedMagnitude",8,0.547,11
"5yr_pic","ImpOnly",8,0.546,11
"5yr_pic","Decipher",9,0.521,9
"5yr_pic","SumOverTFs",9,0.521,9
"5yr_pic","NoSpearmanSign",9,0.484,9
"5yr_pic","UnsignedMagnitude",9,0.465,9
"5yr_pic","ImpOnly",9,0.465,9
"5yr_pic","Decipher",10,0.521,9
"5yr_pic","SumOverTFs",10,0.521,9
"5yr_pic","NoSpearmanSign",10,0.484,9
"5yr_pic","UnsignedMagnitude",10,0.465,9
"5yr_pic","ImpOnly",10,0.465,9
"5yr_pic","Decipher",11,0.539,7
"5yr_pic","SumOverTFs",11,0.539,7
"5yr_pic","NoSpearmanSign",11,0.503,7
"5yr_pic","UnsignedMagnitude",11,0.486,7
"5yr_pic","ImpOnly",11,0.486,7
"5yr_pic","Decipher",12,0.459,4
"5yr_pic","SumOverTFs",12,0.459,4
"5yr_pic","NoSpearmanSign",12,0.419,4
"5yr_pic","UnsignedMagnitude",12,0.399,4
"5yr_pic","ImpOnly",12,0.399,4
"5yr_pic","Decipher",13,0.46,2
"5yr_pic","SumOverTFs",13,0.46,2
"5yr_pic","NoSpearmanSign",13,0.42,2
"5yr_pic","UnsignedMagnitude",13,0.4,2
"5yr_pic","ImpOnly",13,0.4,2
"5yr_pic","Decipher",14,0.46,2
"5yr_pic","SumOverTFs",14,0.46,2
"5yr_pic","NoSpearmanSign",14,0.42,2
"5yr_pic","UnsignedMagnitude",14,0.4,2
"5yr_pic","ImpOnly",14,0.4,2
"5yr_pic","Decipher",15,0.46,2
"5yr_pic","SumOverTFs",15,0.46,2
"5yr_pic","NoSpearmanSign",15,0.42,2
"5yr_pic","UnsignedMagnitude",15,0.4,2
"5yr_pic","ImpOnly",15,0.4,2
"5yr_pic","Decipher",16,0.46,2
"5yr_pic","SumOverTFs",16,0.46,2
"5yr_pic","NoSpearmanSign",16,0.42,2
"5yr_pic","UnsignedMagnitude",16,0.4,2
"5yr_pic","ImpOnly",16,0.4,2
"bcg","Decipher",0,0.591,156
"bcg","SumOverTFs",0,0.591,156
"bcg","NoSpearmanSign",0,0.53,156
"bcg","UnsignedMagnitude",0,0.486,156
"bcg","ImpOnly",0,0.487,156
"bcg","Decipher",1,0.619,69
"bcg","SumOverTFs",1,0.62,69
"bcg","NoSpearmanSign",1,0.541,69
"bcg","UnsignedMagnitude",1,0.517,69
"bcg","ImpOnly",1,0.512,69
"bcg","Decipher",2,0.671,26
"bcg","SumOverTFs",2,0.673,26
"bcg","NoSpearmanSign",2,0.552,26
"bcg","UnsignedMagnitude",2,0.518,26
"bcg","ImpOnly",2,0.509,26
"bcg","Decipher",3,0.698,12
"bcg","SumOverTFs",3,0.7,12
"bcg","NoSpearmanSign",3,0.436,12
"bcg","UnsignedMagnitude",3,0.562,12
"bcg","ImpOnly",3,0.557,12
"bcg","Decipher",4,0.772,4
"bcg","SumOverTFs",4,0.776,4
"bcg","NoSpearmanSign",4,0.448,4
"bcg","UnsignedMagnitude",4,0.668,4
"bcg","ImpOnly",4,0.663,4
"bcg","Decipher",5,0.71,3
"bcg","SumOverTFs",5,0.713,3
"bcg","NoSpearmanSign",5,0.587,3
"bcg","UnsignedMagnitude",5,0.582,3
"bcg","ImpOnly",5,0.574,3
"bcg","Decipher",6,0.704,2
"bcg","SumOverTFs",6,0.704,2
"bcg","NoSpearmanSign",6,0.751,2
"bcg","UnsignedMagnitude",6,0.605,2
"bcg","ImpOnly",6,0.594,2
"cord_pic","Decipher",0,0.573,103
"cord_pic","SumOverTFs",0,0.573,103
"cord_pic","NoSpearmanSign",0,0.538,103
"cord_pic","UnsignedMagnitude",0,0.546,103
"cord_pic","ImpOnly",0,0.546,103
"cord_pic","Decipher",1,0.627,38
"cord_pic","SumOverTFs",1,0.627,38
"cord_pic","NoSpearmanSign",1,0.578,38
"cord_pic","UnsignedMagnitude",1,0.602,38
"cord_pic","ImpOnly",1,0.603,38
"cord_pic","Decipher",2,0.6,24
"cord_pic","SumOverTFs",2,0.6,24
"cord_pic","NoSpearmanSign",2,0.556,24
"cord_pic","UnsignedMagnitude",2,0.594,24
"cord_pic","ImpOnly",2,0.596,24
"cord_pic","Decipher",3,0.598,21
"cord_pic","SumOverTFs",3,0.599,21
"cord_pic","NoSpearmanSign",3,0.558,21
"cord_pic","UnsignedMagnitude",3,0.601,21
"cord_pic","ImpOnly",3,0.602,21
"cord_pic","Decipher",4,0.617,18
"cord_pic","SumOverTFs",4,0.617,18
"cord_pic","NoSpearmanSign",4,0.575,18
"cord_pic","UnsignedMagnitude",4,0.57,18
"cord_pic","ImpOnly",4,0.57,18
"cord_pic","Decipher",5,0.616,15
"cord_pic","SumOverTFs",5,0.616,15
"cord_pic","NoSpearmanSign",5,0.574,15
"cord_pic","UnsignedMagnitude",5,0.569,15
"cord_pic","ImpOnly",5,0.568,15
"cord_pic","Decipher",6,0.556,13
"cord_pic","SumOverTFs",6,0.556,13
"cord_pic","NoSpearmanSign",6,0.509,13
"cord_pic","UnsignedMagnitude",6,0.503,13
"cord_pic","ImpOnly",6,0.503,13
"cord_pic","Decipher",7,0.537,10
"cord_pic","SumOverTFs",7,0.537,10
"cord_pic","NoSpearmanSign",7,0.487,10
"cord_pic","UnsignedMagnitude",7,0.482,10
"cord_pic","ImpOnly",7,0.482,10
"cord_pic","Decipher",8,0.495,9
"cord_pic","SumOverTFs",8,0.495,9
"cord_pic","NoSpearmanSign",8,0.445,9
"cord_pic","UnsignedMagnitude",8,0.439,9
"cord_pic","ImpOnly",8,0.439,9
"cord_pic","Decipher",9,0.512,7
"cord_pic","SumOverTFs",9,0.512,7
"cord_pic","NoSpearmanSign",9,0.465,7
"cord_pic","UnsignedMagnitude",9,0.459,7
"cord_pic","ImpOnly",9,0.459,7
"cord_pic","Decipher",10,0.613,3
"cord_pic","SumOverTFs",10,0.613,3
"cord_pic","NoSpearmanSign",10,0.577,3
"cord_pic","UnsignedMagnitude",10,0.573,3
"cord_pic","ImpOnly",10,0.573,3
"cord_pic","Decipher",11,0.437,2
"cord_pic","SumOverTFs",11,0.437,2
"cord_pic","NoSpearmanSign",11,0.383,2
"cord_pic","UnsignedMagnitude",11,0.377,2
"cord_pic","ImpOnly",11,0.377,2
"cord_pic","Decipher",12,0.437,2
"cord_pic","SumOverTFs",12,0.437,2
"cord_pic","NoSpearmanSign",12,0.383,2
"cord_pic","UnsignedMagnitude",12,0.377,2
"cord_pic","ImpOnly",12,0.377,2
"cord_pic","Decipher",13,0.437,2
"cord_pic","SumOverTFs",13,0.437,2
"cord_pic","NoSpearmanSign",13,0.383,2
"cord_pic","UnsignedMagnitude",13,0.377,2
"cord_pic","ImpOnly",13,0.377,2
"cord_pic","Decipher",14,0.437,2
"cord_pic","SumOverTFs",14,0.437,2
"cord_pic","NoSpearmanSign",14,0.383,2
"cord_pic","UnsignedMagnitude",14,0.377,2
"cord_pic","ImpOnly",14,0.377,2
"covid","Decipher",0,0.535,345
"covid","SumOverTFs",0,0.536,345
"covid","NoSpearmanSign",0,0.521,345
"covid","UnsignedMagnitude",0,0.526,345
"covid","ImpOnly",0,0.525,345
"covid","Decipher",1,0.582,50
"covid","SumOverTFs",1,0.584,50
"covid","NoSpearmanSign",1,0.553,50
"covid","UnsignedMagnitude",1,0.548,50
"covid","ImpOnly",1,0.549,50
"covid","Decipher",2,0.862,8
"covid","SumOverTFs",2,0.86,8
"covid","NoSpearmanSign",2,0.84,8
"covid","UnsignedMagnitude",2,0.831,8
"covid","ImpOnly",2,0.835,8
"covid","Decipher",3,0.965,1
"covid","SumOverTFs",3,0.952,1
"covid","NoSpearmanSign",3,0.959,1
"covid","UnsignedMagnitude",3,0.95,1
"covid","ImpOnly",3,0.961,1
"erp","Decipher",0,0.531,128
"erp","SumOverTFs",0,0.531,128
"erp","NoSpearmanSign",0,0.52,128
"erp","UnsignedMagnitude",0,0.482,128
"erp","ImpOnly",0,0.483,128
"erp","Decipher",1,0.589,9
"erp","SumOverTFs",1,0.587,9
"erp","NoSpearmanSign",1,0.416,9
"erp","UnsignedMagnitude",1,0.638,9
"erp","ImpOnly",1,0.632,9
"erp","Decipher",2,0.718,4
"erp","SumOverTFs",2,0.717,4
"erp","NoSpearmanSign",2,0.287,4
"erp","UnsignedMagnitude",2,0.673,4
"erp","ImpOnly",2,0.666,4
"erp","Decipher",3,0.471,1
"erp","SumOverTFs",3,0.471,1
"erp","NoSpearmanSign",3,0.533,1
"erp","UnsignedMagnitude",3,0.408,1
"erp","ImpOnly",3,0.408,1
"lupus","Decipher",0,0.5,152
"lupus","SumOverTFs",0,0.5,152
"lupus","NoSpearmanSign",0,0.499,152
"lupus","UnsignedMagnitude",0,0.499,152
"lupus","ImpOnly",0,0.499,152
"lupus","Decipher",1,0.5,6
"lupus","SumOverTFs",1,0.5,6
"lupus","NoSpearmanSign",1,0.486,6
"lupus","UnsignedMagnitude",1,0.486,6
"lupus","ImpOnly",1,0.486,6
"sepsis","Decipher",0,0.489,252
"sepsis","SumOverTFs",0,0.489,252
"sepsis","NoSpearmanSign",0,0.507,252
"sepsis","UnsignedMagnitude",0,0.505,252
"sepsis","ImpOnly",0,0.505,252
"tnbc","Decipher",0,0.58,135
"tnbc","SumOverTFs",0,0.581,135
"tnbc","NoSpearmanSign",0,0.563,135
"tnbc","UnsignedMagnitude",0,0.565,135
"tnbc","ImpOnly",0,0.568,135
"tnbc","Decipher",1,0.567,28
"tnbc","SumOverTFs",1,0.566,28
"tnbc","NoSpearmanSign",1,0.494,28
"tnbc","UnsignedMagnitude",1,0.444,28
"tnbc","ImpOnly",1,0.441,28
"tnbc","Decipher",2,0.8,6
"tnbc","SumOverTFs",2,0.796,6
"tnbc","NoSpearmanSign",2,0.491,6
"tnbc","UnsignedMagnitude",2,0.732,6
"tnbc","ImpOnly",2,0.721,6
"tnbc","Decipher",3,0.706,2
"tnbc","SumOverTFs",3,0.706,2
"tnbc","NoSpearmanSign",3,0.708,2
"tnbc","UnsignedMagnitude",3,0.628,2
"tnbc","ImpOnly",3,0.628,2
"cz_influenza","Decipher",0,0.531,186
"cz_influenza","SumOverTFs",0,0.532,186
"cz_influenza","NoSpearmanSign",0,0.541,186
"cz_influenza","UnsignedMagnitude",0,0.541,186
"cz_influenza","ImpOnly",0,0.541,186
"cz_influenza","Decipher",1,0.453,54
"cz_influenza","SumOverTFs",1,0.453,54
"cz_influenza","NoSpearmanSign",1,0.544,54
"cz_influenza","UnsignedMagnitude",1,0.544,54
"cz_influenza","ImpOnly",1,0.545,54
"cz_influenza","Decipher",2,0.463,16
"cz_influenza","SumOverTFs",2,0.462,16
"cz_influenza","NoSpearmanSign",2,0.542,16
"cz_influenza","UnsignedMagnitude",2,0.542,16
"cz_influenza","ImpOnly",2,0.542,16
"cz_influenza","Decipher",3,0.457,3
"cz_influenza","SumOverTFs",3,0.457,3
"cz_influenza","NoSpearmanSign",3,0.398,3
"cz_influenza","UnsignedMagnitude",3,0.398,3
"cz_influenza","ImpOnly",3,0.398,3
"cz_hpap_t1d_islets","Decipher",0,0.492,157
"cz_hpap_t1d_islets","SumOverTFs",0,0.492,157
"cz_hpap_t1d_islets","NoSpearmanSign",0,0.48,157
"cz_hpap_t1d_islets","UnsignedMagnitude",0,0.479,157
"cz_hpap_t1d_islets","ImpOnly",0,0.479,157
"cz_hpap_t1d_islets","Decipher",1,0.44,35
"cz_hpap_t1d_islets","SumOverTFs",1,0.44,35
"cz_hpap_t1d_islets","NoSpearmanSign",1,0.439,35
"cz_hpap_t1d_islets","UnsignedMagnitude",1,0.464,35
"cz_hpap_t1d_islets","ImpOnly",1,0.464,35
"cz_hnscc_hpv","Decipher",0,0.551,334
"cz_hnscc_hpv","SumOverTFs",0,0.551,334
"cz_hnscc_hpv","NoSpearmanSign",0,0.53,334
"cz_hnscc_hpv","UnsignedMagnitude",0,0.496,334
"cz_hnscc_hpv","ImpOnly",0,0.496,334
"cz_hnscc_hpv","Decipher",1,0.549,50
"cz_hnscc_hpv","SumOverTFs",1,0.548,50
"cz_hnscc_hpv","NoSpearmanSign",1,0.543,50
"cz_hnscc_hpv","UnsignedMagnitude",1,0.602,50
"cz_hnscc_hpv","ImpOnly",1,0.585,50
"cz_hnscc_hpv","Decipher",2,0.542,14
"cz_hnscc_hpv","SumOverTFs",2,0.541,14
"cz_hnscc_hpv","NoSpearmanSign",2,0.495,14
"cz_hnscc_hpv","UnsignedMagnitude",2,0.487,14
"cz_hnscc_hpv","ImpOnly",2,0.479,14
"cz_hnscc_hpv","Decipher",3,0.969,1
"cz_hnscc_hpv","SumOverTFs",3,0.969,1
"cz_hnscc_hpv","NoSpearmanSign",3,0.956,1
"cz_hnscc_hpv","UnsignedMagnitude",3,0.933,1
"cz_hnscc_hpv","ImpOnly",3,0.877,1
"cz_hnscc_hpv","Decipher",4,0.969,1
"cz_hnscc_hpv","SumOverTFs",4,0.969,1
"cz_hnscc_hpv","NoSpearmanSign",4,0.956,1
"cz_hnscc_hpv","UnsignedMagnitude",4,0.933,1
"cz_hnscc_hpv","ImpOnly",4,0.877,1
"cz_human_kidney_v1.5","Decipher",0,0.551,246
"cz_human_kidney_v1.5","SumOverTFs",0,0.551,246
"cz_human_kidney_v1.5","NoSpearmanSign",0,0.471,246
"cz_human_kidney_v1.5","UnsignedMagnitude",0,0.487,246
"cz_human_kidney_v1.5","ImpOnly",0,0.484,246
"cz_human_kidney_v1.5","Decipher",1,0.629,27
"cz_human_kidney_v1.5","SumOverTFs",1,0.629,27
"cz_human_kidney_v1.5","NoSpearmanSign",1,0.465,27
"cz_human_kidney_v1.5","UnsignedMagnitude",1,0.45,27
"cz_human_kidney_v1.5","ImpOnly",1,0.447,27
"cz_cf_bronchial_biopsy","Decipher",0,0.575,253
"cz_cf_bronchial_biopsy","SumOverTFs",0,0.576,253
"cz_cf_bronchial_biopsy","NoSpearmanSign",0,0.532,253
"cz_cf_bronchial_biopsy","UnsignedMagnitude",0,0.48,253
"cz_cf_bronchial_biopsy","ImpOnly",0,0.48,253
"cz_cf_bronchial_biopsy","Decipher",1,0.617,78
"cz_cf_bronchial_biopsy","SumOverTFs",1,0.619,78
"cz_cf_bronchial_biopsy","NoSpearmanSign",1,0.544,78
"cz_cf_bronchial_biopsy","UnsignedMagnitude",1,0.535,78
"cz_cf_bronchial_biopsy","ImpOnly",1,0.532,78
"cz_cf_bronchial_biopsy","Decipher",2,0.591,21
"cz_cf_bronchial_biopsy","SumOverTFs",2,0.594,21
"cz_cf_bronchial_biopsy","NoSpearmanSign",2,0.536,21
"cz_cf_bronchial_biopsy","UnsignedMagnitude",2,0.485,21
"cz_cf_bronchial_biopsy","ImpOnly",2,0.483,21
"cz_cf_bronchial_biopsy","Decipher",3,0.469,2
"cz_cf_bronchial_biopsy","SumOverTFs",3,0.469,2
"cz_cf_bronchial_biopsy","NoSpearmanSign",3,0.569,2
"cz_cf_bronchial_biopsy","UnsignedMagnitude",3,0.358,2
"cz_cf_bronchial_biopsy","ImpOnly",3,0.358,2
"cz_cf_bronchial_biopsy","Decipher",4,0.469,2
"cz_cf_bronchial_biopsy","SumOverTFs",4,0.469,2
"cz_cf_bronchial_biopsy","NoSpearmanSign",4,0.569,2
"cz_cf_bronchial_biopsy","UnsignedMagnitude",4,0.358,2
"cz_cf_bronchial_biopsy","ImpOnly",4,0.358,2
"cz_cf_bronchial_biopsy","Decipher",5,0.469,2
"cz_cf_bronchial_biopsy","SumOverTFs",5,0.469,2
"cz_cf_bronchial_biopsy","NoSpearmanSign",5,0.569,2
"cz_cf_bronchial_biopsy","UnsignedMagnitude",5,0.358,2
"cz_cf_bronchial_biopsy","ImpOnly",5,0.358,2
"SevCOVID_Azimuthl2","Decipher",0,0.542,254
"SevCOVID_Azimuthl2","SumOverTFs",0,0.542,254
"SevCOVID_Azimuthl2","NoSpearmanSign",0,0.492,254
"SevCOVID_Azimuthl2","UnsignedMagnitude",0,0.495,254
"SevCOVID_Azimuthl2","ImpOnly",0,0.494,254
"SevCOVID_Azimuthl2","Decipher",1,0.516,57
"SevCOVID_Azimuthl2","SumOverTFs",1,0.516,57
"SevCOVID_Azimuthl2","NoSpearmanSign",1,0.521,57
"SevCOVID_Azimuthl2","UnsignedMagnitude",1,0.478,57
"SevCOVID_Azimuthl2","ImpOnly",1,0.476,57
"SevCOVID_Azimuthl2","Decipher",2,0.515,16
"SevCOVID_Azimuthl2","SumOverTFs",2,0.515,16
"SevCOVID_Azimuthl2","NoSpearmanSign",2,0.502,16
"SevCOVID_Azimuthl2","UnsignedMagnitude",2,0.427,16
"SevCOVID_Azimuthl2","ImpOnly",2,0.427,16
"SevCOVID_Azimuthl2","Decipher",3,0.515,7
"SevCOVID_Azimuthl2","SumOverTFs",3,0.515,7
"SevCOVID_Azimuthl2","NoSpearmanSign",3,0.502,7
"SevCOVID_Azimuthl2","UnsignedMagnitude",3,0.429,7
"SevCOVID_Azimuthl2","ImpOnly",3,0.429,7
"SevCOVID_Azimuthl2","Decipher",4,0.515,2
"SevCOVID_Azimuthl2","SumOverTFs",4,0.515,2
"SevCOVID_Azimuthl2","NoSpearmanSign",4,0.502,2
"SevCOVID_Azimuthl2","UnsignedMagnitude",4,0.429,2
"SevCOVID_Azimuthl2","ImpOnly",4,0.429,2
"SevCOVID_Azimuthl2","Decipher",5,0.515,2
"SevCOVID_Azimuthl2","SumOverTFs",5,0.515,2
"SevCOVID_Azimuthl2","NoSpearmanSign",5,0.502,2
"SevCOVID_Azimuthl2","UnsignedMagnitude",5,0.429,2
"SevCOVID_Azimuthl2","ImpOnly",5,0.429,2
"MilCOVID_Azimuthl2","Decipher",0,0.508,263
"MilCOVID_Azimuthl2","SumOverTFs",0,0.508,263
"MilCOVID_Azimuthl2","NoSpearmanSign",0,0.507,263
"MilCOVID_Azimuthl2","UnsignedMagnitude",0,0.486,263
"MilCOVID_Azimuthl2","ImpOnly",0,0.484,263
"MilCOVID_Azimuthl2","Decipher",1,0.511,52
"MilCOVID_Azimuthl2","SumOverTFs",1,0.511,52
"MilCOVID_Azimuthl2","NoSpearmanSign",1,0.516,52
"MilCOVID_Azimuthl2","UnsignedMagnitude",1,0.501,52
"MilCOVID_Azimuthl2","ImpOnly",1,0.5,52
"MilCOVID_Azimuthl2","Decipher",2,0.479,22
"MilCOVID_Azimuthl2","SumOverTFs",2,0.479,22
"MilCOVID_Azimuthl2","NoSpearmanSign",2,0.556,22
"MilCOVID_Azimuthl2","UnsignedMagnitude",2,0.552,22
"MilCOVID_Azimuthl2","ImpOnly",2,0.55,22
"MilCOVID_Azimuthl2","Decipher",3,0.501,6
"MilCOVID_Azimuthl2","SumOverTFs",3,0.501,6
"MilCOVID_Azimuthl2","NoSpearmanSign",3,0.486,6
"MilCOVID_Azimuthl2","UnsignedMagnitude",3,0.434,6
"MilCOVID_Azimuthl2","ImpOnly",3,0.434,6
"MilCOVID_Azimuthl2","Decipher",4,0.501,6
"MilCOVID_Azimuthl2","SumOverTFs",4,0.501,6
"MilCOVID_Azimuthl2","NoSpearmanSign",4,0.486,6
"MilCOVID_Azimuthl2","UnsignedMagnitude",4,0.434,6
"MilCOVID_Azimuthl2","ImpOnly",4,0.434,6
