"tf","cluster","method","n_obs","n_pred","oob_r2","cv_r2","lodo_r2","null_metric","null_q95","p_perm","beats_null","imp_stability_spearman","imp_top5_jaccard","type","drivers"
"TF01","synthetic_pilot","rf",216,40,0.356734157419308,0.412212805359593,0.335370688010978,"oob_r2",-0.053892944682758,0.0196078431372549,TRUE,0.69494684177611,0.697354497354497,"linear","LIG04_REC04;LIG11_REC11;LIG01_REC01"
"TF01","synthetic_pilot","lm",216,40,NA,0.486305321905608,0.399176610674571,"cv_r2",-0.319206665225193,0.0196078431372549,TRUE,NA,NA,"linear","LIG04_REC04;LIG11_REC11;LIG01_REC01"
"TF01","synthetic_pilot","ridge",216,40,NA,0.50034795892611,0.424711371875241,"cv_r2",0.00232123922444866,0.0196078431372549,TRUE,NA,NA,"linear","LIG04_REC04;LIG11_REC11;LIG01_REC01"
"TF01","synthetic_pilot","spearman",216,40,NA,0.247816244746686,0.269539077265378,"cv_r2",0.0017472318432896,0.0196078431372549,TRUE,NA,NA,"linear","LIG04_REC04;LIG11_REC11;LIG01_REC01"
"TF02","synthetic_pilot","rf",216,40,0.320910960412209,0.321394094964218,0.279017731003612,"oob_r2",-0.0359988066340814,0.0196078431372549,TRUE,0.50844277673546,0.396296296296296,"linear","LIG20_REC20;LIG16_REC16;LIG22_REC22"
"TF02","synthetic_pilot","lm",216,40,NA,0.0305633356730406,-0.241341421769771,"cv_r2",-0.349491794230201,0.0196078431372549,TRUE,NA,NA,"linear","LIG20_REC20;LIG16_REC16;LIG22_REC22"
"TF02","synthetic_pilot","ridge",216,40,NA,0.336261630969275,0.213620182741397,"cv_r2",0.000871578043382935,0.0196078431372549,TRUE,NA,NA,"linear","LIG20_REC20;LIG16_REC16;LIG22_REC22"
"TF02","synthetic_pilot","spearman",216,40,NA,0.492924539446169,0.441328514030184,"cv_r2",-0.00392938784740467,0.0196078431372549,TRUE,NA,NA,"linear","LIG20_REC20;LIG16_REC16;LIG22_REC22"
"TF03","synthetic_pilot","rf",216,40,0.236338204792025,0.218916695931421,0.164569377535415,"oob_r2",-0.0312877195863419,0.0196078431372549,TRUE,0.576510318949343,0.463227513227513,"linear","LIG20_REC20;LIG08_REC08;LIG36_REC36"
"TF03","synthetic_pilot","lm",216,40,NA,0.299199866431415,0.153689201331453,"cv_r2",-0.288915749503505,0.0196078431372549,TRUE,NA,NA,"linear","LIG20_REC20;LIG08_REC08;LIG36_REC36"
"TF03","synthetic_pilot","ridge",216,40,NA,0.419267524905311,0.243030986579952,"cv_r2",-0.000322298765726582,0.0196078431372549,TRUE,NA,NA,"linear","LIG20_REC20;LIG08_REC08;LIG36_REC36"
"TF03","synthetic_pilot","spearman",216,40,NA,0.295469086361983,0.22681068034197,"cv_r2",0.0142848259740421,0.0196078431372549,TRUE,NA,NA,"linear","LIG20_REC20;LIG08_REC08;LIG36_REC36"
"TF04","synthetic_pilot","rf",216,40,0.0640246770452301,0.067551461773883,-0.06099052607341,"oob_r2",-0.0498350473103716,0.0196078431372549,TRUE,0.486875130289765,0.335537918871252,"linear","LIG01_REC01;LIG14_REC14;LIG08_REC08"
"TF04","synthetic_pilot","lm",216,40,NA,0.1777344963506,0.0587094160318801,"cv_r2",-0.182695193564234,0.0196078431372549,TRUE,NA,NA,"linear","LIG01_REC01;LIG14_REC14;LIG08_REC08"
"TF04","synthetic_pilot","ridge",216,40,NA,0.053776146444112,-0.20430256129035,"cv_r2",0.00350819562123434,0.0196078431372549,TRUE,NA,NA,"linear","LIG01_REC01;LIG14_REC14;LIG08_REC08"
"TF04","synthetic_pilot","spearman",216,40,NA,-0.0599879308667628,-0.129970551734627,"cv_r2",0.0123206209899239,0.92156862745098,FALSE,NA,NA,"linear","LIG01_REC01;LIG14_REC14;LIG08_REC08"
"TF05","synthetic_pilot","rf",216,40,0.404449760943549,0.416937443435964,0.42551693535415,"oob_r2",-0.0341360186559807,0.0196078431372549,TRUE,0.662009589326663,0.740740740740741,"linear","LIG25_REC25;LIG29_REC29;LIG14_REC14"
"TF05","synthetic_pilot","lm",216,40,NA,0.349425708549702,0.165444012358178,"cv_r2",-0.372281041337416,0.0196078431372549,TRUE,NA,NA,"linear","LIG25_REC25;LIG29_REC29;LIG14_REC14"
"TF05","synthetic_pilot","ridge",216,40,NA,0.548387160349636,0.497498337673383,"cv_r2",-0.00330117511707451,0.0196078431372549,TRUE,NA,NA,"linear","LIG25_REC25;LIG29_REC29;LIG14_REC14"
"TF05","synthetic_pilot","spearman",216,40,NA,0.123390758527571,0.0723242336503404,"cv_r2",-0.00165133108189864,0.0196078431372549,TRUE,NA,NA,"linear","LIG25_REC25;LIG29_REC29;LIG14_REC14"
"TF06","synthetic_pilot","rf",216,40,0.10202530057978,0.0249966708737189,-0.0249837627035563,"oob_r2",-0.0568589264832785,0.0196078431372549,TRUE,0.532461955388785,0.551058201058201,"linear","LIG40_REC40;LIG08_REC08;LIG27_REC27"
"TF06","synthetic_pilot","lm",216,40,NA,0.160866219489537,0.0823403855929947,"cv_r2",-0.290191286412736,0.0196078431372549,TRUE,NA,NA,"linear","LIG40_REC40;LIG08_REC08;LIG27_REC27"
"TF06","synthetic_pilot","ridge",216,40,NA,0.0638757837015155,0.0892836787575143,"cv_r2",-0.00440992499481871,0.0196078431372549,TRUE,NA,NA,"linear","LIG40_REC40;LIG08_REC08;LIG27_REC27"
"TF06","synthetic_pilot","spearman",216,40,NA,-0.0561178148495378,-0.150825398584627,"cv_r2",-0.0057285160196705,0.941176470588235,FALSE,NA,NA,"linear","LIG40_REC40;LIG08_REC08;LIG27_REC27"
"TF07","synthetic_pilot","rf",216,40,0.217573848190602,0.254559161622282,0.232684930970546,"oob_r2",-0.0425868565943418,0.0196078431372549,TRUE,0.540333541796957,0.706878306878307,"nonlinear","LIG30_REC30;LIG35_REC35"
"TF07","synthetic_pilot","lm",216,40,NA,0.181760466281023,-0.0399242189010791,"cv_r2",-0.313543300809421,0.0196078431372549,TRUE,NA,NA,"nonlinear","LIG30_REC30;LIG35_REC35"
"TF07","synthetic_pilot","ridge",216,40,NA,0.293675888531591,0.192118495883311,"cv_r2",-0.00229854382340114,0.0196078431372549,TRUE,NA,NA,"nonlinear","LIG30_REC30;LIG35_REC35"
"TF07","synthetic_pilot","spearman",216,40,NA,-0.208027863837188,-0.287779141641447,"cv_r2",-0.00449967080244673,1,FALSE,NA,NA,"nonlinear","LIG30_REC30;LIG35_REC35"
"TF08","synthetic_pilot","rf",216,40,0.229845319450452,0.234108505715436,0.167610786256733,"oob_r2",-0.0724195790848255,0.0196078431372549,TRUE,0.50528663748176,0.656349206349206,"nonlinear","LIG36_REC36;LIG22_REC22"
"TF08","synthetic_pilot","lm",216,40,NA,0.0150272873326871,0.0835385343846093,"cv_r2",-0.35599903025804,0.0196078431372549,TRUE,NA,NA,"nonlinear","LIG36_REC36;LIG22_REC22"
"TF08","synthetic_pilot","ridge",216,40,NA,0.334746370986591,0.303305197077762,"cv_r2",-0.000354120202148824,0.0196078431372549,TRUE,NA,NA,"nonlinear","LIG36_REC36;LIG22_REC22"
"TF08","synthetic_pilot","spearman",216,40,NA,0.0984482939477962,0.0367301841718877,"cv_r2",-0.00209087248749245,0.0196078431372549,TRUE,NA,NA,"nonlinear","LIG36_REC36;LIG22_REC22"
"TF09","synthetic_pilot","rf",216,40,0.278108567140615,0.216830650753736,0.252534099350877,"oob_r2",-0.00778925426519087,0.0196078431372549,TRUE,0.498044611215343,0.536507936507936,"nonlinear","LIG35_REC35;LIG16_REC16"
"TF09","synthetic_pilot","lm",216,40,NA,0.16807115811649,0.179392880877586,"cv_r2",-0.384031618250195,0.0196078431372549,TRUE,NA,NA,"nonlinear","LIG35_REC35;LIG16_REC16"
"TF09","synthetic_pilot","ridge",216,40,NA,0.217917875854518,0.246865079826987,"cv_r2",-0.00264241330308583,0.0196078431372549,TRUE,NA,NA,"nonlinear","LIG35_REC35;LIG16_REC16"
"TF09","synthetic_pilot","spearman",216,40,NA,0.0369301636527524,-0.000889151591337844,"cv_r2",0.00236258827177633,0.0196078431372549,TRUE,NA,NA,"nonlinear","LIG35_REC35;LIG16_REC16"
"TF10","synthetic_pilot","rf",216,40,-0.152831019198007,-0.165155428419715,-0.245902278027789,"oob_r2",-0.0320255780983086,0.92156862745098,FALSE,0.224198457369189,0.0993827160493827,"null",""
"TF10","synthetic_pilot","lm",216,40,NA,-0.706142649084435,-1.08584572386573,"cv_r2",-0.331589243362364,0.568627450980392,FALSE,NA,NA,"null",""
"TF10","synthetic_pilot","ridge",216,40,NA,-0.00408498809420932,-0.111362725499087,"cv_r2",-0.00172871935205027,0.156862745098039,FALSE,NA,NA,"null",""
"TF10","synthetic_pilot","spearman",216,40,NA,-0.0429765988074973,-0.176718927670312,"cv_r2",0.000363009103398299,0.705882352941177,FALSE,NA,NA,"null",""
"TF11","synthetic_pilot","rf",216,40,-0.150075949331785,-0.0841494145762713,-0.273828940589171,"oob_r2",-0.0213170967691125,0.901960784313726,FALSE,0.405557640191787,0.282186948853616,"null",""
"TF11","synthetic_pilot","lm",216,40,NA,-0.574115917440102,-0.844148431554725,"cv_r2",-0.381870925488882,0.333333333333333,FALSE,NA,NA,"null",""
"TF11","synthetic_pilot","ridge",216,40,NA,-0.0214698209245558,-0.191589632245435,"cv_r2",0.00140214212405524,0.764705882352941,FALSE,NA,NA,"null",""
"TF11","synthetic_pilot","spearman",216,40,NA,-0.200582949584227,-0.19260030508146,"cv_r2",0.00763276146209999,0.980392156862745,FALSE,NA,NA,"null",""
"TF12","synthetic_pilot","rf",216,40,-0.146722369109691,-0.179493361904399,-0.209180739405862,"oob_r2",-0.0389221754030877,0.941176470588235,FALSE,0.190602459870753,0.115343915343915,"null",""
"TF12","synthetic_pilot","lm",216,40,NA,-1.03796829239499,-0.907600450830801,"cv_r2",-0.344163068848694,0.862745098039216,FALSE,NA,NA,"null",""
"TF12","synthetic_pilot","ridge",216,40,NA,-0.0190319828585475,-0.119674143527122,"cv_r2",-0.00128404674420708,0.666666666666667,FALSE,NA,NA,"null",""
"TF12","synthetic_pilot","spearman",216,40,NA,-0.0714032830283524,-0.155283131281528,"cv_r2",-0.00401316087008109,0.941176470588235,FALSE,NA,NA,"null",""
"TF13","synthetic_pilot","rf",216,40,-0.0755392990064463,-0.0316780970772916,-0.261913897579761,"oob_r2",-0.0203260352648254,0.235294117647059,FALSE,0.298649155722327,0.220723104056437,"null",""
"TF13","synthetic_pilot","lm",216,40,NA,-0.852100197790462,-1.2987765239947,"cv_r2",-0.367415434020232,0.745098039215686,FALSE,NA,NA,"null",""
"TF13","synthetic_pilot","ridge",216,40,NA,-0.00851527443072486,-0.131265091008689,"cv_r2",-0.00203317835329217,0.294117647058824,FALSE,NA,NA,"null",""
"TF13","synthetic_pilot","spearman",216,40,NA,-0.0119974711575368,-0.173418654362963,"cv_r2",0.00422899550131982,0.176470588235294,FALSE,NA,NA,"null",""
"TF14","synthetic_pilot","rf",216,40,-0.036636339471442,-0.0826503857953973,-0.113473354602377,"oob_r2",-0.0172798525774546,0.117647058823529,FALSE,0.310160516989785,0.275573192239859,"null",""
"TF14","synthetic_pilot","lm",216,40,NA,-0.582768419879766,-0.86777256987315,"cv_r2",-0.322132672779505,0.392156862745098,FALSE,NA,NA,"null",""
"TF14","synthetic_pilot","ridge",216,40,NA,-0.0166929147726045,-0.0668273018814911,"cv_r2",-0.00379466109886514,0.509803921568627,FALSE,NA,NA,"null",""
"TF14","synthetic_pilot","spearman",216,40,NA,-0.0691676662539624,-0.0752980616765553,"cv_r2",-0.00888087606837142,0.862745098039216,FALSE,NA,NA,"null",""
"TF15","synthetic_pilot","rf",216,40,-0.066236474144685,-0.0581608487004972,-0.138380287092823,"oob_r2",-0.0304161830864821,0.333333333333333,FALSE,0.335955805711903,0.268077601410935,"null",""
"TF15","synthetic_pilot","lm",216,40,NA,-0.49445047387413,-0.862364045098282,"cv_r2",-0.394299237454467,0.215686274509804,FALSE,NA,NA,"null",""
"TF15","synthetic_pilot","ridge",216,40,NA,-0.0420265461266918,-0.152420452894203,"cv_r2",0.00408260189687486,0.96078431372549,FALSE,NA,NA,"null",""
"TF15","synthetic_pilot","spearman",216,40,NA,-0.0408238147318956,-0.174304197541305,"cv_r2",-0.00340142621863589,0.745098039215686,FALSE,NA,NA,"null",""
