"dataset","cluster","tf","method","cv_r2"
"cord_pic","NK","ELF1","ranger_et",0.80553982827911
"cord_pic","NK","EP300","ranger_et",0.763264545594827
"cord_pic","NK","ZNF76","ranger_et",0.715296281792804
"cord_pic","NK","RUNX3","ranger_et",0.843525949826672
"cord_pic","NK","EGR2","ranger_et",0.784378151506893
"cord_pic","NK","CREB3L4","ranger_et",0.701857175432665
"cord_pic","NK","ZBTB1","ranger_et",0.66637946582214
"cord_pic","NK","ATF1","ranger_et",0.708094133746196
"cord_pic","NK","BRCA1","ranger_et",0.656697221068337
"cord_pic","NK","MYC","ranger_et",0.7082729560721
"cord_pic","NK","MLXIPL","ranger_et",0.680331822594227
"cord_pic","NK","TCF7","ranger_et",0.704109952979427
"cord_pic","NK","CREM","ranger_et",0.668780354407364
"cord_pic","NK","ZNF563","ranger_et",0.720377582199228
"cord_pic","NK","SP140","ranger_et",0.566817564797575
"cord_pic","NK","TFDP2","ranger_et",0.596675579972177
"cord_pic","NK","IKZF3","ranger_et",0.754469383183374
"cord_pic","NK","DDIT3","ranger_et",0.723247922870656
"cord_pic","NK","RFX3","ranger_et",0.67614331759722
"cord_pic","NK","TBX1","ranger_et",0.745597340879921
"cord_pic","NK","BPTF","ranger_et",0.709247755669202
"cord_pic","NK","NFIL3","ranger_et",0.680574842009961
"cord_pic","NK","RORA","ranger_et",0.752403958826872
"cord_pic","NK","HIF1A","ranger_et",0.755930939395183
"cord_pic","NK","ASCL2","ranger_et",0.73079938247845
"cord_pic","NK","IKZF2","ranger_et",0.711887541764874
"cord_pic","NK","XBP1","ranger_et",0.771677091898322
"cord_pic","NK","NR4A2","ranger_et",0.774896111861976
"cord_pic","NK","GLI1","ranger_et",0.756745547830868
"cord_pic","NK","RBPJ","ranger_et",0.769994851707961
"cord_pic","NK","BHLHE40","ranger_et",0.744744424315118
"cord_pic","NK","HIVEP2","ranger_et",0.764982067835442
"cord_pic","NK","BHLHE41","ranger_et",0.764277830004856
"cord_pic","NK","PRDM16","ranger_et",0.780148823302858
"cord_pic","NK","KLF8","ranger_et",0.806856282839322
"cord_pic","NK","ZBTB16","ranger_et",0.823034415491396
"cord_pic","NK","BATF3","ranger_et",0.760959772869307
"cord_pic","NK","SMAD2","ranger_et",0.776548877762837
"cord_pic","NK","KLF13","ranger_et",0.748245724205079
"cord_pic","NK","CHD2","ranger_et",0.752035478225309
"cord_pic","NK","SP100","ranger_et",0.807927752558313
"cord_pic","NK","LMO2","ranger_et",0.834857002724033
"cord_pic","NK","GATA3","ranger_et",0.80810937084316
"cord_pic","NK","MYBL1","ranger_et",0.799216905013503
"cord_pic","NK","TCF4","ranger_et",0.770822047036014
"cord_pic","NK","E2F3","ranger_et",0.7904991717756
"cord_pic","NK","MAFB","ranger_et",0.811654241502356
"cord_pic","NK","NR4A3","ranger_et",0.821722155130244
"cord_pic","NK","IKZF1","ranger_et",0.822784168037306
"cord_pic","NK","ESRRG","ranger_et",0.82647356697126
"cord_pic","NK","HIVEP1","ranger_et",0.840295154786809
"cord_pic","NK","BCL6","ranger_et",0.833720344711068
"cord_pic","NK","EGR1","ranger_et",0.838788719891248
"cord_pic","NK","BDP1","ranger_et",0.84113808682294
"cord_pic","NK","NFATC2","ranger_et",0.803620592662754
"cord_pic","NK","EGR3","ranger_et",0.838304706221054
"cord_pic","NK","MAF","ranger_et",0.839307917391037
"cord_pic","NK","NFIA","ranger_et",0.839506137491148
"cord_pic","NK","KLF6","ranger_et",0.775391789020581
"cord_pic","NK","FOXJ3","ranger_et",0.836827207202053
"cord_pic","NK","ID2","ranger_et",0.852558724866213
"cord_pic","NK","FOXO1","ranger_et",0.870190897845869
"cord_pic","NK","PAX5","ranger_et",0.789261448994829
"cord_pic","NK","PPARA","ranger_et",0.848155389343404
"cord_pic","NK","FOXO4","ranger_et",0.869315772829148
"cord_pic","NK","ZFP82","ranger_et",0.85078756435754
"cord_pic","NK","EOMES","ranger_et",0.85994472782314
"cord_pic","NK","KLF2","ranger_et",0.853387455125112
"cord_pic","NK","JUN","ranger_et",0.830060774559834
"cord_pic","NK","FOS","ranger_et",0.836042889017132
"cord_pic","NK","CREB1","ranger_et",0.844344373623134
"cord_pic","NK","NR4A1","ranger_et",0.848672866319241
"cord_pic","NK","HIC1","ranger_et",0.849542212859521
"cord_pic","NK","POU2F2","ranger_et",0.858463313421106
"cord_pic","NK","THRB","ranger_et",0.857883954115097
"cord_pic","NK","NR3C1","ranger_et",0.83923182482681
"cord_pic","NK","MEF2C","ranger_et",0.848221573719655
"cord_pic","NK","RFX1","ranger_et",0.881559254575679
"cord_pic","NK","JUND","ranger_et",0.860019012469845
"cord_pic","NK","NFIC","ranger_et",0.856671089920003
"cord_pic","NK","KLF3","ranger_et",0.865439384940568
"cord_pic","NK","FOXP1","ranger_et",0.895757219153065
"cord_pic","NK","ETV7","ranger_et",0.840133127807564
"cord_pic","NK","REL","ranger_et",0.851687917912376
"cord_pic","NK","SMARCC2","ranger_et",0.844126384316324
"cord_pic","NK","FOSL1","ranger_et",0.869809222021752
"cord_pic","NK","KLF9","ranger_et",0.88098531695596
"cord_pic","NK","NFKB1","ranger_et",0.864104924562635
"cord_pic","NK","HSF4","ranger_et",0.856924784508399
"cord_pic","NK","ZBTB7A","ranger_et",0.839068369137921
"cord_pic","NK","IRF1","ranger_et",0.838382773164982
"cord_pic","NK","RAD21","ranger_et",0.871517409681796
"cord_pic","NK","HES4","ranger_et",0.844902298326879
"cord_pic","NK","CEBPB","ranger_et",0.872645355208412
"cord_pic","NK","ETS2","ranger_et",0.866728747663904
"cord_pic","NK","IRF4","ranger_et",0.895811992044762
"cord_pic","NK","BCL11B","ranger_et",0.886678651195209
"cord_pic","NK","ETS1","ranger_et",0.866243375880324
"cord_pic","NK","TAF1","ranger_et",0.877025808155253
"cord_pic","NK","IRF6","ranger_et",0.875943471520347
"cord_pic","NK","IRF9","ranger_et",0.885481574887122
"cord_pic","NK","IRF7","ranger_et",0.871613926407825
"cord_pic","NK","STAT2","ranger_et",0.869932205743268
"cord_pic","NK","STAT1","ranger_et",0.887097884902582
"cord_pic","NK","ELF1","xgboost",0.854698933307211
"cord_pic","NK","EP300","xgboost",0.80524665366399
"cord_pic","NK","ZNF76","xgboost",0.7806526637972
"cord_pic","NK","RUNX3","xgboost",0.863731151065404
"cord_pic","NK","EGR2","xgboost",0.808367883910356
"cord_pic","NK","CREB3L4","xgboost",0.777171685886094
"cord_pic","NK","ZBTB1","xgboost",0.719353531971816
"cord_pic","NK","ATF1","xgboost",0.751778979801361
"cord_pic","NK","BRCA1","xgboost",0.711876062340399
"cord_pic","NK","MYC","xgboost",0.796907895599624
"cord_pic","NK","MLXIPL","xgboost",0.755229339415393
"cord_pic","NK","TCF7","xgboost",0.7500505416761
"cord_pic","NK","CREM","xgboost",0.735034428052707
"cord_pic","NK","ZNF563","xgboost",0.752829085585435
"cord_pic","NK","SP140","xgboost",0.598828836436567
"cord_pic","NK","TFDP2","xgboost",0.680360424038724
"cord_pic","NK","IKZF3","xgboost",0.794840767128817
"cord_pic","NK","DDIT3","xgboost",0.734733101663298
"cord_pic","NK","RFX3","xgboost",0.744347496093147
"cord_pic","NK","TBX1","xgboost",0.798420283845456
"cord_pic","NK","BPTF","xgboost",0.726214258484712
"cord_pic","NK","NFIL3","xgboost",0.712500558937672
"cord_pic","NK","RORA","xgboost",0.798056214712469
"cord_pic","NK","HIF1A","xgboost",0.789948244062373
"cord_pic","NK","ASCL2","xgboost",0.77253827560253
"cord_pic","NK","IKZF2","xgboost",0.744988730994642
"cord_pic","NK","XBP1","xgboost",0.814703106764079
"cord_pic","NK","NR4A2","xgboost",0.826248857716417
"cord_pic","NK","GLI1","xgboost",0.76995214190129
"cord_pic","NK","RBPJ","xgboost",0.783811066127158
"cord_pic","NK","BHLHE40","xgboost",0.795475812498085
"cord_pic","NK","HIVEP2","xgboost",0.786144773352266
"cord_pic","NK","BHLHE41","xgboost",0.795938234988361
"cord_pic","NK","PRDM16","xgboost",0.811164004120022
"cord_pic","NK","KLF8","xgboost",0.832800189767316
"cord_pic","NK","ZBTB16","xgboost",0.875893675139385
"cord_pic","NK","BATF3","xgboost",0.781034377993398
"cord_pic","NK","SMAD2","xgboost",0.797293528798923
"cord_pic","NK","KLF13","xgboost",0.776974289669684
"cord_pic","NK","CHD2","xgboost",0.786736352600419
"cord_pic","NK","SP100","xgboost",0.836461974686859
"cord_pic","NK","LMO2","xgboost",0.856305835637901
"cord_pic","NK","GATA3","xgboost",0.826366382063471
"cord_pic","NK","MYBL1","xgboost",0.825761711411575
"cord_pic","NK","TCF4","xgboost",0.802519887720704
"cord_pic","NK","E2F3","xgboost",0.828046240009934
"cord_pic","NK","MAFB","xgboost",0.843844865216244
"cord_pic","NK","NR4A3","xgboost",0.848385773772176
"cord_pic","NK","IKZF1","xgboost",0.849754842812074
"cord_pic","NK","ESRRG","xgboost",0.856116610926511
"cord_pic","NK","HIVEP1","xgboost",0.864163296556475
"cord_pic","NK","BCL6","xgboost",0.8633440197877
"cord_pic","NK","EGR1","xgboost",0.862584162125026
"cord_pic","NK","BDP1","xgboost",0.863705394323959
"cord_pic","NK","NFATC2","xgboost",0.829621453579414
"cord_pic","NK","EGR3","xgboost",0.850354364163565
"cord_pic","NK","MAF","xgboost",0.870123835923106
"cord_pic","NK","NFIA","xgboost",0.852013334047054
"cord_pic","NK","KLF6","xgboost",0.812295774707104
"cord_pic","NK","FOXJ3","xgboost",0.854385235718071
"cord_pic","NK","ID2","xgboost",0.872195551694597
"cord_pic","NK","FOXO1","xgboost",0.889109430530669
"cord_pic","NK","PAX5","xgboost",0.830145617192032
"cord_pic","NK","PPARA","xgboost",0.867832348502236
"cord_pic","NK","FOXO4","xgboost",0.884960685056988
"cord_pic","NK","ZFP82","xgboost",0.880958882137803
"cord_pic","NK","EOMES","xgboost",0.883767029754339
"cord_pic","NK","KLF2","xgboost",0.86610215656957
"cord_pic","NK","JUN","xgboost",0.855285300055199
"cord_pic","NK","FOS","xgboost",0.863920940095957
"cord_pic","NK","CREB1","xgboost",0.85768638566023
"cord_pic","NK","NR4A1","xgboost",0.86628657871197
"cord_pic","NK","HIC1","xgboost",0.865335024546304
"cord_pic","NK","POU2F2","xgboost",0.880782207043391
"cord_pic","NK","THRB","xgboost",0.875051640011039
"cord_pic","NK","NR3C1","xgboost",0.874961800407358
"cord_pic","NK","MEF2C","xgboost",0.867462550755859
"cord_pic","NK","RFX1","xgboost",0.901703753599905
"cord_pic","NK","JUND","xgboost",0.88342713279071
"cord_pic","NK","NFIC","xgboost",0.864120389636938
"cord_pic","NK","KLF3","xgboost",0.882924102253216
"cord_pic","NK","FOXP1","xgboost",0.912382898884889
"cord_pic","NK","ETV7","xgboost",0.877166106137388
"cord_pic","NK","REL","xgboost",0.879439762964113
"cord_pic","NK","SMARCC2","xgboost",0.867925825156697
"cord_pic","NK","FOSL1","xgboost",0.889904718926993
"cord_pic","NK","KLF9","xgboost",0.900430837883436
"cord_pic","NK","NFKB1","xgboost",0.881913330641591
"cord_pic","NK","HSF4","xgboost",0.877300230411154
"cord_pic","NK","ZBTB7A","xgboost",0.862482785711444
"cord_pic","NK","IRF1","xgboost",0.860829050265045
"cord_pic","NK","RAD21","xgboost",0.889996461410555
"cord_pic","NK","HES4","xgboost",0.872267912495383
"cord_pic","NK","CEBPB","xgboost",0.89225219504972
"cord_pic","NK","ETS2","xgboost",0.88219953743859
"cord_pic","NK","IRF4","xgboost",0.909688276145008
"cord_pic","NK","BCL11B","xgboost",0.911418962639702
"cord_pic","NK","ETS1","xgboost",0.893486017784787
"cord_pic","NK","TAF1","xgboost",0.902976873065187
"cord_pic","NK","IRF6","xgboost",0.903238192210294
"cord_pic","NK","IRF9","xgboost",0.907603848613157
"cord_pic","NK","IRF7","xgboost",0.89726326196386
"cord_pic","NK","STAT2","xgboost",0.89284669725576
"cord_pic","NK","STAT1","xgboost",0.913369843506087
"cord_pic","NK","ELF1","mars",0.80724950051359
"cord_pic","NK","EP300","mars",0.756699601868537
"cord_pic","NK","ZNF76","mars",0.700793904292459
"cord_pic","NK","RUNX3","mars",0.818539267089337
"cord_pic","NK","EGR2","mars",0.784206966005408
"cord_pic","NK","CREB3L4","mars",0.731528408652561
"cord_pic","NK","ZBTB1","mars",0.655349603490103
"cord_pic","NK","ATF1","mars",0.6945030704607
"cord_pic","NK","BRCA1","mars",0.624442686210996
"cord_pic","NK","MYC","mars",0.729535496591952
"cord_pic","NK","MLXIPL","mars",0.679569712984699
"cord_pic","NK","TCF7","mars",0.674162962132485
"cord_pic","NK","CREM","mars",0.657233550920516
"cord_pic","NK","ZNF563","mars",0.695317662064353
"cord_pic","NK","SP140","mars",0.533828437155019
"cord_pic","NK","TFDP2","mars",0.592200690614071
"cord_pic","NK","IKZF3","mars",0.733973704216333
"cord_pic","NK","DDIT3","mars",0.683561259760928
"cord_pic","NK","RFX3","mars",0.652826137457037
"cord_pic","NK","TBX1","mars",0.762525176628156
"cord_pic","NK","BPTF","mars",0.659135270299121
"cord_pic","NK","NFIL3","mars",0.60693246603863
"cord_pic","NK","RORA","mars",0.738685977279772
"cord_pic","NK","HIF1A","mars",0.753013063976763
"cord_pic","NK","ASCL2","mars",0.70249925870166
"cord_pic","NK","IKZF2","mars",0.655626946259878
"cord_pic","NK","XBP1","mars",0.772276665536333
"cord_pic","NK","NR4A2","mars",0.805740632390051
"cord_pic","NK","GLI1","mars",0.686724435674285
"cord_pic","NK","RBPJ","mars",0.718945833069023
"cord_pic","NK","BHLHE40","mars",0.722236678963587
"cord_pic","NK","HIVEP2","mars",0.747593213285326
"cord_pic","NK","BHLHE41","mars",0.741194648438562
"cord_pic","NK","PRDM16","mars",0.773196358192754
"cord_pic","NK","KLF8","mars",0.774521878780645
"cord_pic","NK","ZBTB16","mars",0.850492525480439
"cord_pic","NK","BATF3","mars",0.701644301128102
"cord_pic","NK","SMAD2","mars",0.724242441937443
"cord_pic","NK","KLF13","mars",0.721366817559885
"cord_pic","NK","CHD2","mars",0.711107326055201
"cord_pic","NK","SP100","mars",0.778870562840363
"cord_pic","NK","LMO2","mars",0.823510881720883
"cord_pic","NK","GATA3","mars",0.788123279812267
"cord_pic","NK","MYBL1","mars",0.763840951028741
"cord_pic","NK","TCF4","mars",0.75441158790071
"cord_pic","NK","E2F3","mars",0.782738585217687
"cord_pic","NK","MAFB","mars",0.799359361417589
"cord_pic","NK","NR4A3","mars",0.815718959820444
"cord_pic","NK","IKZF1","mars",0.791277642173264
"cord_pic","NK","ESRRG","mars",0.791391475185256
"cord_pic","NK","HIVEP1","mars",0.826626332216511
"cord_pic","NK","BCL6","mars",0.814423019129377
"cord_pic","NK","EGR1","mars",0.82072531840847
"cord_pic","NK","BDP1","mars",0.826899724099511
"cord_pic","NK","NFATC2","mars",0.77337186818868
"cord_pic","NK","EGR3","mars",0.802124752927718
"cord_pic","NK","MAF","mars",0.833788618445001
"cord_pic","NK","NFIA","mars",0.796984527640442
"cord_pic","NK","KLF6","mars",0.7326945675962
"cord_pic","NK","FOXJ3","mars",0.812405194940915
"cord_pic","NK","ID2","mars",0.830577960653063
"cord_pic","NK","FOXO1","mars",0.862272116375307
"cord_pic","NK","PAX5","mars",0.770881608131747
"cord_pic","NK","PPARA","mars",0.817123599444661
"cord_pic","NK","FOXO4","mars",0.861317736225763
"cord_pic","NK","ZFP82","mars",0.822399528352351
"cord_pic","NK","EOMES","mars",0.849056105255441
"cord_pic","NK","KLF2","mars",0.837437795211883
"cord_pic","NK","JUN","mars",0.806944713799889
"cord_pic","NK","FOS","mars",0.834194282841526
"cord_pic","NK","CREB1","mars",0.822233919480415
"cord_pic","NK","NR4A1","mars",0.835992860145593
"cord_pic","NK","HIC1","mars",0.828594746603688
"cord_pic","NK","POU2F2","mars",0.84097686117327
"cord_pic","NK","THRB","mars",0.846555146674144
"cord_pic","NK","NR3C1","mars",0.836564045632176
"cord_pic","NK","MEF2C","mars",0.820283768468146
"cord_pic","NK","RFX1","mars",0.862868080681206
"cord_pic","NK","JUND","mars",0.855385025527044
"cord_pic","NK","NFIC","mars",0.822095419258191
"cord_pic","NK","KLF3","mars",0.851262533714378
"cord_pic","NK","FOXP1","mars",0.890104820793709
"cord_pic","NK","ETV7","mars",0.831240667702335
"cord_pic","NK","REL","mars",0.811115709165938
"cord_pic","NK","SMARCC2","mars",0.832266614024615
"cord_pic","NK","FOSL1","mars",0.851178878775234
"cord_pic","NK","KLF9","mars",0.860115665716868
"cord_pic","NK","NFKB1","mars",0.837057505848808
"cord_pic","NK","HSF4","mars",0.838051780407728
"cord_pic","NK","ZBTB7A","mars",0.816002866160162
"cord_pic","NK","IRF1","mars",0.82247344035565
"cord_pic","NK","RAD21","mars",0.858002788829636
"cord_pic","NK","HES4","mars",0.832454095198179
"cord_pic","NK","CEBPB","mars",0.874676929732708
"cord_pic","NK","ETS2","mars",0.836774041994427
"cord_pic","NK","IRF4","mars",0.879398468649747
"cord_pic","NK","BCL11B","mars",0.865522934207222
"cord_pic","NK","ETS1","mars",0.842900824783876
"cord_pic","NK","TAF1","mars",0.870094669534766
"cord_pic","NK","IRF6","mars",0.872716917148531
"cord_pic","NK","IRF9","mars",0.875341191514866
"cord_pic","NK","IRF7","mars",0.855327257962975
"cord_pic","NK","STAT2","mars",0.855482999343765
"cord_pic","NK","STAT1","mars",0.879380616300068
"cord_pic","NK","ELF1","svm_rbf",0.862082802367846
"cord_pic","NK","EP300","svm_rbf",0.821709167266298
"cord_pic","NK","ZNF76","svm_rbf",0.791043631217002
"cord_pic","NK","RUNX3","svm_rbf",0.873544268795907
"cord_pic","NK","EGR2","svm_rbf",0.831535375676298
"cord_pic","NK","CREB3L4","svm_rbf",0.792934586485833
"cord_pic","NK","ZBTB1","svm_rbf",0.756283954236394
"cord_pic","NK","ATF1","svm_rbf",0.782680156132572
"cord_pic","NK","BRCA1","svm_rbf",0.745471488626148
"cord_pic","NK","MYC","svm_rbf",0.812767536082933
"cord_pic","NK","MLXIPL","svm_rbf",0.769865617984901
"cord_pic","NK","TCF7","svm_rbf",0.765696800237853
"cord_pic","NK","CREM","svm_rbf",0.755015291387967
"cord_pic","NK","ZNF563","svm_rbf",0.76043199925307
"cord_pic","NK","SP140","svm_rbf",0.641864988029762
"cord_pic","NK","TFDP2","svm_rbf",0.711760820183914
"cord_pic","NK","IKZF3","svm_rbf",0.804562383704011
"cord_pic","NK","DDIT3","svm_rbf",0.765986415854779
"cord_pic","NK","RFX3","svm_rbf",0.778707840870624
"cord_pic","NK","TBX1","svm_rbf",0.799626792245743
"cord_pic","NK","BPTF","svm_rbf",0.740202681616003
"cord_pic","NK","NFIL3","svm_rbf",0.733531582045139
"cord_pic","NK","RORA","svm_rbf",0.808892796537664
"cord_pic","NK","HIF1A","svm_rbf",0.805553953517107
"cord_pic","NK","ASCL2","svm_rbf",0.789616290454366
"cord_pic","NK","IKZF2","svm_rbf",0.755173732296648
"cord_pic","NK","XBP1","svm_rbf",0.837889581501735
"cord_pic","NK","NR4A2","svm_rbf",0.839446124982603
"cord_pic","NK","GLI1","svm_rbf",0.79126214851317
"cord_pic","NK","RBPJ","svm_rbf",0.798495655235824
"cord_pic","NK","BHLHE40","svm_rbf",0.809763872802981
"cord_pic","NK","HIVEP2","svm_rbf",0.802379508798826
"cord_pic","NK","BHLHE41","svm_rbf",0.813971500583632
"cord_pic","NK","PRDM16","svm_rbf",0.831057659966863
"cord_pic","NK","KLF8","svm_rbf",0.836699421223759
"cord_pic","NK","ZBTB16","svm_rbf",0.858898634987243
"cord_pic","NK","BATF3","svm_rbf",0.808002713344587
"cord_pic","NK","SMAD2","svm_rbf",0.808180846919605
"cord_pic","NK","KLF13","svm_rbf",0.785100301234574
"cord_pic","NK","CHD2","svm_rbf",0.814293746089876
"cord_pic","NK","SP100","svm_rbf",0.837573909720803
"cord_pic","NK","LMO2","svm_rbf",0.843612060823148
"cord_pic","NK","GATA3","svm_rbf",0.843466472468089
"cord_pic","NK","MYBL1","svm_rbf",0.835956927825969
"cord_pic","NK","TCF4","svm_rbf",0.813741209244949
"cord_pic","NK","E2F3","svm_rbf",0.835052738235393
"cord_pic","NK","MAFB","svm_rbf",0.855708813383124
"cord_pic","NK","NR4A3","svm_rbf",0.858007193097779
"cord_pic","NK","IKZF1","svm_rbf",0.852422729691612
"cord_pic","NK","ESRRG","svm_rbf",0.86426999713105
"cord_pic","NK","HIVEP1","svm_rbf",0.863065898243267
"cord_pic","NK","BCL6","svm_rbf",0.873478162651304
"cord_pic","NK","EGR1","svm_rbf",0.874518427537194
"cord_pic","NK","BDP1","svm_rbf",0.878692333463961
"cord_pic","NK","NFATC2","svm_rbf",0.841556666571974
"cord_pic","NK","EGR3","svm_rbf",0.859337966094236
"cord_pic","NK","MAF","svm_rbf",0.877189810725699
"cord_pic","NK","NFIA","svm_rbf",0.859052196413523
"cord_pic","NK","KLF6","svm_rbf",0.823260977226634
"cord_pic","NK","FOXJ3","svm_rbf",0.865235514686217
"cord_pic","NK","ID2","svm_rbf",0.872192289651409
"cord_pic","NK","FOXO1","svm_rbf",0.897537346103001
"cord_pic","NK","PAX5","svm_rbf",0.841163989356304
"cord_pic","NK","PPARA","svm_rbf",0.873444750242058
"cord_pic","NK","FOXO4","svm_rbf",0.889154136413937
"cord_pic","NK","ZFP82","svm_rbf",0.877545824640608
"cord_pic","NK","EOMES","svm_rbf",0.890449235798959
"cord_pic","NK","KLF2","svm_rbf",0.871254749268225
"cord_pic","NK","JUN","svm_rbf",0.868878928920009
"cord_pic","NK","FOS","svm_rbf",0.877276786415554
"cord_pic","NK","CREB1","svm_rbf",0.868136354076427
"cord_pic","NK","NR4A1","svm_rbf",0.877673375864517
"cord_pic","NK","HIC1","svm_rbf",0.866415764917705
"cord_pic","NK","POU2F2","svm_rbf",0.88275547025569
"cord_pic","NK","THRB","svm_rbf",0.88152470303939
"cord_pic","NK","NR3C1","svm_rbf",0.880431474170032
"cord_pic","NK","MEF2C","svm_rbf",0.875711701680214
"cord_pic","NK","RFX1","svm_rbf",0.898295348225293
"cord_pic","NK","JUND","svm_rbf",0.892962861537195
"cord_pic","NK","NFIC","svm_rbf",0.863507449432837
"cord_pic","NK","KLF3","svm_rbf",0.885023852535393
"cord_pic","NK","FOXP1","svm_rbf",0.915497942504932
"cord_pic","NK","ETV7","svm_rbf",0.883205781934232
"cord_pic","NK","REL","svm_rbf",0.874776138519951
"cord_pic","NK","SMARCC2","svm_rbf",0.873595901068766
"cord_pic","NK","FOSL1","svm_rbf",0.894550917387487
"cord_pic","NK","KLF9","svm_rbf",0.90214954354969
"cord_pic","NK","NFKB1","svm_rbf",0.879747758215122
"cord_pic","NK","HSF4","svm_rbf",0.883538583183773
"cord_pic","NK","ZBTB7A","svm_rbf",0.867551233073403
"cord_pic","NK","IRF1","svm_rbf",0.868887025574406
"cord_pic","NK","RAD21","svm_rbf",0.888844388621738
"cord_pic","NK","HES4","svm_rbf",0.874190625561801
"cord_pic","NK","CEBPB","svm_rbf",0.901441637573344
"cord_pic","NK","ETS2","svm_rbf",0.886828634091412
"cord_pic","NK","IRF4","svm_rbf",0.911342999942408
"cord_pic","NK","BCL11B","svm_rbf",0.908350690323808
"cord_pic","NK","ETS1","svm_rbf",0.887341091755336
"cord_pic","NK","TAF1","svm_rbf",0.899561679106056
"cord_pic","NK","IRF6","svm_rbf",0.906469547803077
"cord_pic","NK","IRF9","svm_rbf",0.902520720684344
"cord_pic","NK","IRF7","svm_rbf",0.89503091985296
"cord_pic","NK","STAT2","svm_rbf",0.893442496968585
"cord_pic","NK","STAT1","svm_rbf",0.905433579927912
"cord_pic","CD4_T","POU3F1","ranger_et",0.45349663017801
"cord_pic","CD4_T","BBX","ranger_et",0.637283366665448
"cord_pic","CD4_T","TCF7","ranger_et",0.698616479970704
"cord_pic","CD4_T","RBPJ","ranger_et",0.674164314755561
"cord_pic","CD4_T","HIF1A","ranger_et",0.782362263622841
"cord_pic","CD4_T","CREM","ranger_et",0.716449892036858
"cord_pic","CD4_T","LEF1","ranger_et",0.764485504314311
"cord_pic","CD4_T","SMAD2","ranger_et",0.78220014845548
"cord_pic","CD4_T","YBX1","ranger_et",0.73561209802785
"cord_pic","CD4_T","DDIT3","ranger_et",0.754253451973369
"cord_pic","CD4_T","NFIL3","ranger_et",0.7705823791714
"cord_pic","CD4_T","CEBPD","ranger_et",0.790134797849832
"cord_pic","CD4_T","ZBTB16","ranger_et",0.798336106158493
"cord_pic","CD4_T","AHR","ranger_et",0.786796195608716
"cord_pic","CD4_T","RELB","ranger_et",0.724610499643149
"cord_pic","CD4_T","KLF10","ranger_et",0.710908471970253
"cord_pic","CD4_T","IKZF3","ranger_et",0.816364378681567
"cord_pic","CD4_T","RORA","ranger_et",0.784334811937695
"cord_pic","CD4_T","FOXB1","ranger_et",0.796752190186112
"cord_pic","CD4_T","SIX5","ranger_et",0.748365798434612
"cord_pic","CD4_T","RUNX3","ranger_et",0.799931753407991
"cord_pic","CD4_T","ZKSCAN1","ranger_et",0.802153747167722
"cord_pic","CD4_T","MAF","ranger_et",0.770515505703807
"cord_pic","CD4_T","ASCL2","ranger_et",0.826745046235924
"cord_pic","CD4_T","ENO1","ranger_et",0.792780714808871
"cord_pic","CD4_T","SOX18","ranger_et",0.773232951299025
"cord_pic","CD4_T","MYB","ranger_et",0.81059233045734
"cord_pic","CD4_T","ATF4","ranger_et",0.813547638302529
"cord_pic","CD4_T","ZNF35","ranger_et",0.824755462876198
"cord_pic","CD4_T","ATF5","ranger_et",0.808196735496185
"cord_pic","CD4_T","TFEC","ranger_et",0.839581704987311
"cord_pic","CD4_T","ID3","ranger_et",0.798907139392583
"cord_pic","CD4_T","IKZF1","ranger_et",0.825863639718789
"cord_pic","CD4_T","SPIB","ranger_et",0.820038477466244
"cord_pic","CD4_T","BCLAF1","ranger_et",0.768799340887009
"cord_pic","CD4_T","ARNTL","ranger_et",0.83020186361608
"cord_pic","CD4_T","CHD2","ranger_et",0.805260999576477
"cord_pic","CD4_T","ERG","ranger_et",0.848376127438149
"cord_pic","CD4_T","KLF1","ranger_et",0.806107160381975
"cord_pic","CD4_T","MYC","ranger_et",0.811828230562169
"cord_pic","CD4_T","ID1","ranger_et",0.801667902909772
"cord_pic","CD4_T","ETV5","ranger_et",0.866260493607266
"cord_pic","CD4_T","BACH2","ranger_et",0.817411118977719
"cord_pic","CD4_T","SALL4","ranger_et",0.820707663052751
"cord_pic","CD4_T","FOXP3","ranger_et",0.850538788965659
"cord_pic","CD4_T","ZFP82","ranger_et",0.839833965488386
"cord_pic","CD4_T","EBF1","ranger_et",0.848556840432273
"cord_pic","CD4_T","KLF3","ranger_et",0.846629683194824
"cord_pic","CD4_T","PRDM1","ranger_et",0.861044700805128
"cord_pic","CD4_T","BRCA1","ranger_et",0.810026622527059
"cord_pic","CD4_T","EOMES","ranger_et",0.859558469710104
"cord_pic","CD4_T","HOXA9","ranger_et",0.82261743833315
"cord_pic","CD4_T","SP100","ranger_et",0.834199802337666
"cord_pic","CD4_T","HES1","ranger_et",0.831333558405371
"cord_pic","CD4_T","PAX5","ranger_et",0.793434853079914
"cord_pic","CD4_T","STAT4","ranger_et",0.84975058212185
"cord_pic","CD4_T","ID2","ranger_et",0.817839432767822
"cord_pic","CD4_T","BDP1","ranger_et",0.834213375747685
"cord_pic","CD4_T","RFX3","ranger_et",0.832168366443708
"cord_pic","CD4_T","ETV7","ranger_et",0.812592948823315
"cord_pic","CD4_T","FOSL1","ranger_et",0.847554867519546
"cord_pic","CD4_T","ETS1","ranger_et",0.856528580671144
"cord_pic","CD4_T","XBP1","ranger_et",0.844481430086125
"cord_pic","CD4_T","NFIA","ranger_et",0.87782672912147
"cord_pic","CD4_T","FOSL2","ranger_et",0.862220074857314
"cord_pic","CD4_T","EGR3","ranger_et",0.872868901434079
"cord_pic","CD4_T","KLF2","ranger_et",0.844938072721002
"cord_pic","CD4_T","BATF3","ranger_et",0.831368943416869
"cord_pic","CD4_T","MITF","ranger_et",0.857812110080336
"cord_pic","CD4_T","MAFB","ranger_et",0.854216087634399
"cord_pic","CD4_T","NR4A1","ranger_et",0.837117226710804
"cord_pic","CD4_T","MAFA","ranger_et",0.863316034804246
"cord_pic","CD4_T","NFKB2","ranger_et",0.847920544938111
"cord_pic","CD4_T","NR4A2","ranger_et",0.855089942312302
"cord_pic","CD4_T","IKZF2","ranger_et",0.839604113865386
"cord_pic","CD4_T","POU2F2","ranger_et",0.840038138179781
"cord_pic","CD4_T","HIVEP3","ranger_et",0.849872484748798
"cord_pic","CD4_T","AR","ranger_et",0.867778623771687
"cord_pic","CD4_T","SMAD1","ranger_et",0.850914188178022
"cord_pic","CD4_T","JUND","ranger_et",0.887699158443153
"cord_pic","CD4_T","TCF4","ranger_et",0.851815473827753
"cord_pic","CD4_T","GATA3","ranger_et",0.876209874108488
"cord_pic","CD4_T","CEBPB","ranger_et",0.844457518760414
"cord_pic","CD4_T","FOS","ranger_et",0.845120153410749
"cord_pic","CD4_T","SPI1","ranger_et",0.853521242303905
"cord_pic","CD4_T","JUNB","ranger_et",0.875843970833329
"cord_pic","CD4_T","JUN","ranger_et",0.847547709983954
"cord_pic","CD4_T","MYCN","ranger_et",0.84603631663314
"cord_pic","CD4_T","FOXP1","ranger_et",0.866496429358511
"cord_pic","CD4_T","BHLHE40","ranger_et",0.870915210256233
"cord_pic","CD4_T","IRF8","ranger_et",0.858912674485368
"cord_pic","CD4_T","BCL11A","ranger_et",0.878006171037326
"cord_pic","CD4_T","TEAD2","ranger_et",0.858794895971901
"cord_pic","CD4_T","NF1","ranger_et",0.862213849594569
"cord_pic","CD4_T","KLF6","ranger_et",0.817834570753378
"cord_pic","CD4_T","ZNF143","ranger_et",0.865863505616462
"cord_pic","CD4_T","NR4A3","ranger_et",0.833322643399275
"cord_pic","CD4_T","ARID3A","ranger_et",0.858125744486903
"cord_pic","CD4_T","ZEB1","ranger_et",0.878578724700541
"cord_pic","CD4_T","TBX21","ranger_et",0.86527551110446
"cord_pic","CD4_T","PRDM16","ranger_et",0.868144280674255
"cord_pic","CD4_T","REL","ranger_et",0.858766903099872
"cord_pic","CD4_T","CREB3L2","ranger_et",0.880963850772358
"cord_pic","CD4_T","ATF3","ranger_et",0.837933624031397
"cord_pic","CD4_T","FOSB","ranger_et",0.871749255724165
"cord_pic","CD4_T","SMC3","ranger_et",0.846286322650196
"cord_pic","CD4_T","NR3C1","ranger_et",0.854703629520203
"cord_pic","CD4_T","ZBTB7A","ranger_et",0.861637178674807
"cord_pic","CD4_T","BATF","ranger_et",0.863666102188268
"cord_pic","CD4_T","EGR1","ranger_et",0.857914812727628
"cord_pic","CD4_T","MEF2C","ranger_et",0.894033154044272
"cord_pic","CD4_T","ZNF683","ranger_et",0.869924238828041
"cord_pic","CD4_T","IRF5","ranger_et",0.860899582950136
"cord_pic","CD4_T","GATA2","ranger_et",0.894958151041912
"cord_pic","CD4_T","BCL11B","ranger_et",0.874380550228328
"cord_pic","CD4_T","HEY2","ranger_et",0.852546666096703
"cord_pic","CD4_T","HES4","ranger_et",0.853325078831219
"cord_pic","CD4_T","ELF1","ranger_et",0.841821333667263
"cord_pic","CD4_T","IRF4","ranger_et",0.877548644827085
"cord_pic","CD4_T","IRF9","ranger_et",0.862664459004089
"cord_pic","CD4_T","IRF1","ranger_et",0.879438122182839
"cord_pic","CD4_T","STAT2","ranger_et",0.843414752796643
"cord_pic","CD4_T","IRF7","ranger_et",0.868239244953125
"cord_pic","CD4_T","STAT1","ranger_et",0.883436265384475
"cord_pic","CD4_T","POU3F1","xgboost",0.536423449397303
"cord_pic","CD4_T","BBX","xgboost",0.652268379714642
"cord_pic","CD4_T","TCF7","xgboost",0.703466022490014
"cord_pic","CD4_T","RBPJ","xgboost",0.675472831705879
"cord_pic","CD4_T","HIF1A","xgboost",0.81302287353586
"cord_pic","CD4_T","CREM","xgboost",0.752785455027747
"cord_pic","CD4_T","LEF1","xgboost",0.785957184627978
"cord_pic","CD4_T","SMAD2","xgboost",0.825956919616571
"cord_pic","CD4_T","YBX1","xgboost",0.752162538833344
"cord_pic","CD4_T","DDIT3","xgboost",0.772637656191781
"cord_pic","CD4_T","NFIL3","xgboost",0.792145676162638
"cord_pic","CD4_T","CEBPD","xgboost",0.807592527990777
"cord_pic","CD4_T","ZBTB16","xgboost",0.850015573956744
"cord_pic","CD4_T","AHR","xgboost",0.826634915813407
"cord_pic","CD4_T","RELB","xgboost",0.760034228368048
"cord_pic","CD4_T","KLF10","xgboost",0.737531110449981
"cord_pic","CD4_T","IKZF3","xgboost",0.859051851632079
"cord_pic","CD4_T","RORA","xgboost",0.78639306427645
"cord_pic","CD4_T","FOXB1","xgboost",0.827857866868408
"cord_pic","CD4_T","SIX5","xgboost",0.777737807079887
"cord_pic","CD4_T","RUNX3","xgboost",0.821142717859733
"cord_pic","CD4_T","ZKSCAN1","xgboost",0.822343769139607
"cord_pic","CD4_T","MAF","xgboost",0.810948568473235
"cord_pic","CD4_T","ASCL2","xgboost",0.876472913689263
"cord_pic","CD4_T","ENO1","xgboost",0.8091312245386
"cord_pic","CD4_T","SOX18","xgboost",0.799046479805329
"cord_pic","CD4_T","MYB","xgboost",0.84737796071186
"cord_pic","CD4_T","ATF4","xgboost",0.832742639571902
"cord_pic","CD4_T","ZNF35","xgboost",0.860482085989711
"cord_pic","CD4_T","ATF5","xgboost",0.831131871021117
"cord_pic","CD4_T","TFEC","xgboost",0.862700866495255
"cord_pic","CD4_T","ID3","xgboost",0.830283174876587
"cord_pic","CD4_T","IKZF1","xgboost",0.863082015896686
"cord_pic","CD4_T","SPIB","xgboost",0.85556294082303
"cord_pic","CD4_T","BCLAF1","xgboost",0.802788768060948
"cord_pic","CD4_T","ARNTL","xgboost",0.863482290220562
"cord_pic","CD4_T","CHD2","xgboost",0.824298323708871
"cord_pic","CD4_T","ERG","xgboost",0.888851700569539
"cord_pic","CD4_T","KLF1","xgboost",0.841500016334245
"cord_pic","CD4_T","MYC","xgboost",0.84639442200895
"cord_pic","CD4_T","ID1","xgboost",0.831575649461164
"cord_pic","CD4_T","ETV5","xgboost",0.901177090845135
"cord_pic","CD4_T","BACH2","xgboost",0.845831415651668
"cord_pic","CD4_T","SALL4","xgboost",0.854890528540388
"cord_pic","CD4_T","FOXP3","xgboost",0.881797514947788
"cord_pic","CD4_T","ZFP82","xgboost",0.871389314214145
"cord_pic","CD4_T","EBF1","xgboost",0.886037596637617
"cord_pic","CD4_T","KLF3","xgboost",0.86585262497498
"cord_pic","CD4_T","PRDM1","xgboost",0.899029329020398
"cord_pic","CD4_T","BRCA1","xgboost",0.840564660230437
"cord_pic","CD4_T","EOMES","xgboost",0.898050520719125
"cord_pic","CD4_T","HOXA9","xgboost",0.855747450596907
"cord_pic","CD4_T","SP100","xgboost",0.856642172563238
"cord_pic","CD4_T","HES1","xgboost",0.86166655120733
"cord_pic","CD4_T","PAX5","xgboost",0.837533572339819
"cord_pic","CD4_T","STAT4","xgboost",0.879235666710374
"cord_pic","CD4_T","ID2","xgboost",0.846003559275768
"cord_pic","CD4_T","BDP1","xgboost",0.861603487689703
"cord_pic","CD4_T","RFX3","xgboost",0.868924771950148
"cord_pic","CD4_T","ETV7","xgboost",0.839553946525613
"cord_pic","CD4_T","FOSL1","xgboost",0.872829457278898
"cord_pic","CD4_T","ETS1","xgboost",0.877739119187262
"cord_pic","CD4_T","XBP1","xgboost",0.871075543788492
"cord_pic","CD4_T","NFIA","xgboost",0.889357956797327
"cord_pic","CD4_T","FOSL2","xgboost",0.885177667099024
"cord_pic","CD4_T","EGR3","xgboost",0.900384363373852
"cord_pic","CD4_T","KLF2","xgboost",0.868133965013818
"cord_pic","CD4_T","BATF3","xgboost",0.87043490428782
"cord_pic","CD4_T","MITF","xgboost",0.883556645957202
"cord_pic","CD4_T","MAFB","xgboost",0.887549705616098
"cord_pic","CD4_T","NR4A1","xgboost",0.868938382503712
"cord_pic","CD4_T","MAFA","xgboost",0.898227203596721
"cord_pic","CD4_T","NFKB2","xgboost",0.873803155103423
"cord_pic","CD4_T","NR4A2","xgboost",0.881716227659834
"cord_pic","CD4_T","IKZF2","xgboost",0.861901571161143
"cord_pic","CD4_T","POU2F2","xgboost",0.87056802864271
"cord_pic","CD4_T","HIVEP3","xgboost",0.880958192848211
"cord_pic","CD4_T","AR","xgboost",0.890244971675568
"cord_pic","CD4_T","SMAD1","xgboost",0.876846921044895
"cord_pic","CD4_T","JUND","xgboost",0.908118793119493
"cord_pic","CD4_T","TCF4","xgboost",0.87541294779214
"cord_pic","CD4_T","GATA3","xgboost",0.90562678567923
"cord_pic","CD4_T","CEBPB","xgboost",0.870490818985414
"cord_pic","CD4_T","FOS","xgboost",0.867844796007239
"cord_pic","CD4_T","SPI1","xgboost",0.881016967896495
"cord_pic","CD4_T","JUNB","xgboost",0.901029462993822
"cord_pic","CD4_T","JUN","xgboost",0.883539346634759
"cord_pic","CD4_T","MYCN","xgboost",0.863600980452028
"cord_pic","CD4_T","FOXP1","xgboost",0.890653722098844
"cord_pic","CD4_T","BHLHE40","xgboost",0.897996244429875
"cord_pic","CD4_T","IRF8","xgboost",0.884381542027548
"cord_pic","CD4_T","BCL11A","xgboost",0.899610862973277
"cord_pic","CD4_T","TEAD2","xgboost",0.881366439483661
"cord_pic","CD4_T","NF1","xgboost",0.883442905934575
"cord_pic","CD4_T","KLF6","xgboost",0.854561432858742
"cord_pic","CD4_T","ZNF143","xgboost",0.890376949337393
"cord_pic","CD4_T","NR4A3","xgboost",0.86326474716975
"cord_pic","CD4_T","ARID3A","xgboost",0.891991684304795
"cord_pic","CD4_T","ZEB1","xgboost",0.90056979577326
"cord_pic","CD4_T","TBX21","xgboost",0.901631692567202
"cord_pic","CD4_T","PRDM16","xgboost",0.893080297240721
"cord_pic","CD4_T","REL","xgboost",0.885366809591522
"cord_pic","CD4_T","CREB3L2","xgboost",0.903918611498443
"cord_pic","CD4_T","ATF3","xgboost",0.86719628429403
"cord_pic","CD4_T","FOSB","xgboost",0.899850637454297
"cord_pic","CD4_T","SMC3","xgboost",0.877664345218487
"cord_pic","CD4_T","NR3C1","xgboost",0.884888575770758
"cord_pic","CD4_T","ZBTB7A","xgboost",0.89104419386096
"cord_pic","CD4_T","BATF","xgboost",0.895574730800087
"cord_pic","CD4_T","EGR1","xgboost",0.881760979856565
"cord_pic","CD4_T","MEF2C","xgboost",0.918243549656288
"cord_pic","CD4_T","ZNF683","xgboost",0.899519324191026
"cord_pic","CD4_T","IRF5","xgboost",0.895687024453776
"cord_pic","CD4_T","GATA2","xgboost",0.919054959209432
"cord_pic","CD4_T","BCL11B","xgboost",0.900419585004206
"cord_pic","CD4_T","HEY2","xgboost",0.87722602646124
"cord_pic","CD4_T","HES4","xgboost",0.882059245302731
"cord_pic","CD4_T","ELF1","xgboost",0.877635037877172
"cord_pic","CD4_T","IRF4","xgboost",0.904154663199829
"cord_pic","CD4_T","IRF9","xgboost",0.896461107967138
"cord_pic","CD4_T","IRF1","xgboost",0.904053951545248
"cord_pic","CD4_T","STAT2","xgboost",0.874489475578439
"cord_pic","CD4_T","IRF7","xgboost",0.893748857433215
"cord_pic","CD4_T","STAT1","xgboost",0.90351362937936
"cord_pic","CD4_T","POU3F1","mars",0.434660830713337
"cord_pic","CD4_T","BBX","mars",0.552249131438964
"cord_pic","CD4_T","TCF7","mars",-48.0924186337599
"cord_pic","CD4_T","RBPJ","mars",0.607631768916302
"cord_pic","CD4_T","HIF1A","mars",0.718374982561226
"cord_pic","CD4_T","CREM","mars",0.64934778828294
"cord_pic","CD4_T","LEF1","mars",-0.102923921221635
"cord_pic","CD4_T","SMAD2","mars",0.780773471581007
"cord_pic","CD4_T","YBX1","mars",0.715841729916925
"cord_pic","CD4_T","DDIT3","mars",0.704588530045025
"cord_pic","CD4_T","NFIL3","mars",0.726280631659345
"cord_pic","CD4_T","CEBPD","mars",0.752824272899963
"cord_pic","CD4_T","ZBTB16","mars",0.82284381222175
"cord_pic","CD4_T","AHR","mars",0.754336671747265
"cord_pic","CD4_T","RELB","mars",0.547942416512122
"cord_pic","CD4_T","KLF10","mars",0.679714251461947
"cord_pic","CD4_T","IKZF3","mars",0.804102437627334
"cord_pic","CD4_T","RORA","mars",0.7488803658528
"cord_pic","CD4_T","FOXB1","mars",0.782328523433028
"cord_pic","CD4_T","SIX5","mars",0.717094476675818
"cord_pic","CD4_T","RUNX3","mars",0.770051297224001
"cord_pic","CD4_T","ZKSCAN1","mars",0.759264923592467
"cord_pic","CD4_T","MAF","mars",0.715351369534413
"cord_pic","CD4_T","ASCL2","mars",0.779435820397891
"cord_pic","CD4_T","ENO1","mars",0.788520870101043
"cord_pic","CD4_T","SOX18","mars",0.722122858184145
"cord_pic","CD4_T","MYB","mars",0.798027642368877
"cord_pic","CD4_T","ATF4","mars",0.790628731987316
"cord_pic","CD4_T","ZNF35","mars",0.815646301015297
"cord_pic","CD4_T","ATF5","mars",0.802038619622043
"cord_pic","CD4_T","TFEC","mars",0.830481339899375
"cord_pic","CD4_T","ID3","mars",0.759739740137717
"cord_pic","CD4_T","IKZF1","mars",0.833008671104476
"cord_pic","CD4_T","SPIB","mars",0.818151215620483
"cord_pic","CD4_T","BCLAF1","mars",0.746422582054974
"cord_pic","CD4_T","ARNTL","mars",0.842690013425599
"cord_pic","CD4_T","CHD2","mars",0.798882047316535
"cord_pic","CD4_T","ERG","mars",0.827010996977595
"cord_pic","CD4_T","KLF1","mars",0.804674368375981
"cord_pic","CD4_T","MYC","mars",0.809965244267037
"cord_pic","CD4_T","ID1","mars",0.760632210940976
"cord_pic","CD4_T","ETV5","mars",0.850424526640651
"cord_pic","CD4_T","BACH2","mars",0.799029752473118
"cord_pic","CD4_T","SALL4","mars",0.814675282155413
"cord_pic","CD4_T","FOXP3","mars",0.346313080113677
"cord_pic","CD4_T","ZFP82","mars",0.837198160205293
"cord_pic","CD4_T","EBF1","mars",0.84228162087556
"cord_pic","CD4_T","KLF3","mars",0.83430107297857
"cord_pic","CD4_T","PRDM1","mars",0.818138207509406
"cord_pic","CD4_T","BRCA1","mars",0.802682865137265
"cord_pic","CD4_T","EOMES","mars",0.87347440794498
"cord_pic","CD4_T","HOXA9","mars",0.810518480982219
"cord_pic","CD4_T","SP100","mars",0.817699181278196
"cord_pic","CD4_T","HES1","mars",0.822563808176806
"cord_pic","CD4_T","PAX5","mars",0.79819866390326
"cord_pic","CD4_T","STAT4","mars",0.832856041320032
"cord_pic","CD4_T","ID2","mars",0.806024468941446
"cord_pic","CD4_T","BDP1","mars",0.825771709385247
"cord_pic","CD4_T","RFX3","mars",0.839805842805847
"cord_pic","CD4_T","ETV7","mars",0.790237764264532
"cord_pic","CD4_T","FOSL1","mars",0.49800473238695
"cord_pic","CD4_T","ETS1","mars",0.851050243637762
"cord_pic","CD4_T","XBP1","mars",0.823831053974528
"cord_pic","CD4_T","NFIA","mars",0.855887265615446
"cord_pic","CD4_T","FOSL2","mars",0.846437550708108
"cord_pic","CD4_T","EGR3","mars",0.852190399199427
"cord_pic","CD4_T","KLF2","mars",0.839709208593237
"cord_pic","CD4_T","BATF3","mars",0.827836491411045
"cord_pic","CD4_T","MITF","mars",0.845186633117966
"cord_pic","CD4_T","MAFB","mars",0.843370594898189
"cord_pic","CD4_T","NR4A1","mars",0.83121661969903
"cord_pic","CD4_T","MAFA","mars",0.865289645999367
"cord_pic","CD4_T","NFKB2","mars",0.861629659259382
"cord_pic","CD4_T","NR4A2","mars",0.842847865769484
"cord_pic","CD4_T","IKZF2","mars",0.804863138829168
"cord_pic","CD4_T","POU2F2","mars",0.824770605197157
"cord_pic","CD4_T","HIVEP3","mars",0.842503655393501
"cord_pic","CD4_T","AR","mars",0.864976630901605
"cord_pic","CD4_T","SMAD1","mars",0.853238113173219
"cord_pic","CD4_T","JUND","mars",0.883419148081712
"cord_pic","CD4_T","TCF4","mars",0.848672643048004
"cord_pic","CD4_T","GATA3","mars",0.870769641141524
"cord_pic","CD4_T","CEBPB","mars",0.840817647109068
"cord_pic","CD4_T","FOS","mars",0.838645723386399
"cord_pic","CD4_T","SPI1","mars",0.836824017496788
"cord_pic","CD4_T","JUNB","mars",0.872641146664176
"cord_pic","CD4_T","JUN","mars",0.858498395584373
"cord_pic","CD4_T","MYCN","mars",0.797437201571782
"cord_pic","CD4_T","FOXP1","mars",0.857853351958122
"cord_pic","CD4_T","BHLHE40","mars",0.810852266450828
"cord_pic","CD4_T","IRF8","mars",0.860221562280965
"cord_pic","CD4_T","BCL11A","mars",0.880771129742714
"cord_pic","CD4_T","TEAD2","mars",0.856497001837373
"cord_pic","CD4_T","NF1","mars",0.870330244782623
"cord_pic","CD4_T","KLF6","mars",0.809839637839408
"cord_pic","CD4_T","ZNF143","mars",0.867468810447794
"cord_pic","CD4_T","NR4A3","mars",0.818626421274761
"cord_pic","CD4_T","ARID3A","mars",0.869629376560888
"cord_pic","CD4_T","ZEB1","mars",0.863649576871423
"cord_pic","CD4_T","TBX21","mars",0.885661714624293
"cord_pic","CD4_T","PRDM16","mars",0.79852992228587
"cord_pic","CD4_T","REL","mars",0.862159344163449
"cord_pic","CD4_T","CREB3L2","mars",0.655528262586002
"cord_pic","CD4_T","ATF3","mars",0.839430297725796
"cord_pic","CD4_T","FOSB","mars",0.870684260210992
"cord_pic","CD4_T","SMC3","mars",0.828409738034564
"cord_pic","CD4_T","NR3C1","mars",0.811719508275088
"cord_pic","CD4_T","ZBTB7A","mars",0.852270520100427
"cord_pic","CD4_T","BATF","mars",0.859139472104236
"cord_pic","CD4_T","EGR1","mars",0.850469985274536
"cord_pic","CD4_T","MEF2C","mars",0.87832720431925
"cord_pic","CD4_T","ZNF683","mars",0.878222481270624
"cord_pic","CD4_T","IRF5","mars",0.826028646928814
"cord_pic","CD4_T","GATA2","mars",0.893060539634068
"cord_pic","CD4_T","BCL11B","mars",0.861169157159295
"cord_pic","CD4_T","HEY2","mars",0.845380757909491
"cord_pic","CD4_T","HES4","mars",0.828156396266004
"cord_pic","CD4_T","ELF1","mars",0.819593421226364
"cord_pic","CD4_T","IRF4","mars",0.87188135963685
"cord_pic","CD4_T","IRF9","mars",0.872416929536058
"cord_pic","CD4_T","IRF1","mars",0.871981083983767
"cord_pic","CD4_T","STAT2","mars",0.817620634117872
"cord_pic","CD4_T","IRF7","mars",0.861393293000323
"cord_pic","CD4_T","STAT1","mars",0.875070525930299
"cord_pic","CD4_T","POU3F1","svm_rbf",0.555343935367004
"cord_pic","CD4_T","BBX","svm_rbf",0.640606867808037
"cord_pic","CD4_T","TCF7","svm_rbf",0.649579266035624
"cord_pic","CD4_T","RBPJ","svm_rbf",0.677270886225567
"cord_pic","CD4_T","HIF1A","svm_rbf",0.7456423581169
"cord_pic","CD4_T","CREM","svm_rbf",0.710297958124604
"cord_pic","CD4_T","LEF1","svm_rbf",0.729568311468337
"cord_pic","CD4_T","SMAD2","svm_rbf",0.750506191434405
"cord_pic","CD4_T","YBX1","svm_rbf",0.738674466749963
"cord_pic","CD4_T","DDIT3","svm_rbf",0.746552963605362
"cord_pic","CD4_T","NFIL3","svm_rbf",0.736212557887434
"cord_pic","CD4_T","CEBPD","svm_rbf",0.743154640566276
"cord_pic","CD4_T","ZBTB16","svm_rbf",0.736290144827995
"cord_pic","CD4_T","AHR","svm_rbf",0.752569607207226
"cord_pic","CD4_T","RELB","svm_rbf",0.744478293176387
"cord_pic","CD4_T","KLF10","svm_rbf",0.721909085150381
"cord_pic","CD4_T","IKZF3","svm_rbf",0.769350774770718
"cord_pic","CD4_T","RORA","svm_rbf",0.75072299960717
"cord_pic","CD4_T","FOXB1","svm_rbf",0.809913356213014
"cord_pic","CD4_T","SIX5","svm_rbf",0.748867774321481
"cord_pic","CD4_T","RUNX3","svm_rbf",0.776831526740221
"cord_pic","CD4_T","ZKSCAN1","svm_rbf",0.771585810426653
"cord_pic","CD4_T","MAF","svm_rbf",0.760777639791965
"cord_pic","CD4_T","ASCL2","svm_rbf",0.7708413210581
"cord_pic","CD4_T","ENO1","svm_rbf",0.787744678843682
"cord_pic","CD4_T","SOX18","svm_rbf",0.762554457332862
"cord_pic","CD4_T","MYB","svm_rbf",0.775858159539572
"cord_pic","CD4_T","ATF4","svm_rbf",0.785600567967723
"cord_pic","CD4_T","ZNF35","svm_rbf",0.795301221935641
"cord_pic","CD4_T","ATF5","svm_rbf",0.796317805648696
"cord_pic","CD4_T","TFEC","svm_rbf",0.816900692045298
"cord_pic","CD4_T","ID3","svm_rbf",0.793425416601091
"cord_pic","CD4_T","IKZF1","svm_rbf",0.784956897684086
"cord_pic","CD4_T","SPIB","svm_rbf",0.779899235967709
"cord_pic","CD4_T","BCLAF1","svm_rbf",0.771830434599382
"cord_pic","CD4_T","ARNTL","svm_rbf",0.791369468684812
"cord_pic","CD4_T","CHD2","svm_rbf",0.797025354579739
"cord_pic","CD4_T","ERG","svm_rbf",0.791389124629335
"cord_pic","CD4_T","KLF1","svm_rbf",0.792199012749022
"cord_pic","CD4_T","MYC","svm_rbf",0.79474661274071
"cord_pic","CD4_T","ID1","svm_rbf",0.778927896173226
"cord_pic","CD4_T","ETV5","svm_rbf",0.790968326132684
"cord_pic","CD4_T","BACH2","svm_rbf",0.797258637497906
"cord_pic","CD4_T","SALL4","svm_rbf",0.7954311016993
"cord_pic","CD4_T","FOXP3","svm_rbf",0.817496143565045
"cord_pic","CD4_T","ZFP82","svm_rbf",0.818338825229722
"cord_pic","CD4_T","EBF1","svm_rbf",0.809862193399699
"cord_pic","CD4_T","KLF3","svm_rbf",0.818978356713088
"cord_pic","CD4_T","PRDM1","svm_rbf",0.777393749833248
"cord_pic","CD4_T","BRCA1","svm_rbf",0.803673912348501
"cord_pic","CD4_T","EOMES","svm_rbf",0.811328049846942
"cord_pic","CD4_T","HOXA9","svm_rbf",0.798306786213125
"cord_pic","CD4_T","SP100","svm_rbf",0.812736553246269
"cord_pic","CD4_T","HES1","svm_rbf",0.806981270231532
"cord_pic","CD4_T","PAX5","svm_rbf",0.797392234304732
"cord_pic","CD4_T","STAT4","svm_rbf",0.808944084460608
"cord_pic","CD4_T","ID2","svm_rbf",0.811263819638796
"cord_pic","CD4_T","BDP1","svm_rbf",0.81915104391008
"cord_pic","CD4_T","RFX3","svm_rbf",0.82040440565736
"cord_pic","CD4_T","ETV7","svm_rbf",0.800411442729309
"cord_pic","CD4_T","FOSL1","svm_rbf",0.826154514936758
"cord_pic","CD4_T","ETS1","svm_rbf",0.83049375109617
"cord_pic","CD4_T","XBP1","svm_rbf",0.833474452104474
"cord_pic","CD4_T","NFIA","svm_rbf",0.85848504401107
"cord_pic","CD4_T","FOSL2","svm_rbf",0.83739285328247
"cord_pic","CD4_T","EGR3","svm_rbf",0.859489954305442
"cord_pic","CD4_T","KLF2","svm_rbf",0.821137103511002
"cord_pic","CD4_T","BATF3","svm_rbf",0.82178462213871
"cord_pic","CD4_T","MITF","svm_rbf",0.848853509331536
"cord_pic","CD4_T","MAFB","svm_rbf",0.832170403406294
"cord_pic","CD4_T","NR4A1","svm_rbf",0.810744636346327
"cord_pic","CD4_T","MAFA","svm_rbf",0.84424836054328
"cord_pic","CD4_T","NFKB2","svm_rbf",0.841482785205966
"cord_pic","CD4_T","NR4A2","svm_rbf",0.84162107443112
"cord_pic","CD4_T","IKZF2","svm_rbf",0.822825000073271
"cord_pic","CD4_T","POU2F2","svm_rbf",0.825425605926737
"cord_pic","CD4_T","HIVEP3","svm_rbf",0.832339310488586
"cord_pic","CD4_T","AR","svm_rbf",0.860104343816269
"cord_pic","CD4_T","SMAD1","svm_rbf",0.834509845302771
"cord_pic","CD4_T","JUND","svm_rbf",0.86740711994507
"cord_pic","CD4_T","TCF4","svm_rbf",0.837573628506368
"cord_pic","CD4_T","GATA3","svm_rbf",0.857691024331111
"cord_pic","CD4_T","CEBPB","svm_rbf",0.824165771896618
"cord_pic","CD4_T","FOS","svm_rbf",0.832978610079214
"cord_pic","CD4_T","SPI1","svm_rbf",0.829903866443238
"cord_pic","CD4_T","JUNB","svm_rbf",0.864105128811141
"cord_pic","CD4_T","JUN","svm_rbf",0.844547492265002
"cord_pic","CD4_T","MYCN","svm_rbf",0.82514905403912
"cord_pic","CD4_T","FOXP1","svm_rbf",0.843643310670064
"cord_pic","CD4_T","BHLHE40","svm_rbf",0.836617532989205
"cord_pic","CD4_T","IRF8","svm_rbf",0.838288315123966
"cord_pic","CD4_T","BCL11A","svm_rbf",0.860103765636264
"cord_pic","CD4_T","TEAD2","svm_rbf",0.83849355269525
"cord_pic","CD4_T","NF1","svm_rbf",0.839017043611301
"cord_pic","CD4_T","KLF6","svm_rbf",0.796831221001004
"cord_pic","CD4_T","ZNF143","svm_rbf",0.838919393273884
"cord_pic","CD4_T","NR4A3","svm_rbf",0.825997330804377
"cord_pic","CD4_T","ARID3A","svm_rbf",0.85192647090903
"cord_pic","CD4_T","ZEB1","svm_rbf",0.8578213822989
"cord_pic","CD4_T","TBX21","svm_rbf",0.825986591737504
"cord_pic","CD4_T","PRDM16","svm_rbf",0.835584149577549
"cord_pic","CD4_T","REL","svm_rbf",0.840315216592191
"cord_pic","CD4_T","CREB3L2","svm_rbf",0.864400296823864
"cord_pic","CD4_T","ATF3","svm_rbf",0.826652216357222
"cord_pic","CD4_T","FOSB","svm_rbf",0.852880689756785
"cord_pic","CD4_T","SMC3","svm_rbf",0.828310535156986
"cord_pic","CD4_T","NR3C1","svm_rbf",0.837616006723527
"cord_pic","CD4_T","ZBTB7A","svm_rbf",0.838591699675994
"cord_pic","CD4_T","BATF","svm_rbf",0.845962473116759
"cord_pic","CD4_T","EGR1","svm_rbf",0.843799379209552
"cord_pic","CD4_T","MEF2C","svm_rbf",0.868587792039979
"cord_pic","CD4_T","ZNF683","svm_rbf",0.854683484053468
"cord_pic","CD4_T","IRF5","svm_rbf",0.844965280294581
"cord_pic","CD4_T","GATA2","svm_rbf",0.87380059996551
"cord_pic","CD4_T","BCL11B","svm_rbf",0.854486464494919
"cord_pic","CD4_T","HEY2","svm_rbf",0.839559823204439
"cord_pic","CD4_T","HES4","svm_rbf",0.837347266517984
"cord_pic","CD4_T","ELF1","svm_rbf",0.820494958223509
"cord_pic","CD4_T","IRF4","svm_rbf",0.865381378059036
"cord_pic","CD4_T","IRF9","svm_rbf",0.856938873892126
"cord_pic","CD4_T","IRF1","svm_rbf",0.865250514657924
"cord_pic","CD4_T","STAT2","svm_rbf",0.835600709405632
"cord_pic","CD4_T","IRF7","svm_rbf",0.852881569143683
"cord_pic","CD4_T","STAT1","svm_rbf",0.865153543049745
"cord_pic","Mono","NR3C1","ranger_et",0.819797189222573
"cord_pic","Mono","EGR3","ranger_et",0.827834869104805
"cord_pic","Mono","KLF6","ranger_et",0.792727227305799
"cord_pic","Mono","JUNB","ranger_et",0.825355288959946
"cord_pic","Mono","BHLHE41","ranger_et",0.78321909006725
"cord_pic","Mono","MYC","ranger_et",0.783671164560016
"cord_pic","Mono","PAX8","ranger_et",0.822304455201044
"cord_pic","Mono","NFE2L2","ranger_et",0.763178755620011
"cord_pic","Mono","RUNX3","ranger_et",0.81130225965544
"cord_pic","Mono","TCF7L2","ranger_et",0.774554382902256
"cord_pic","Mono","MEF2C","ranger_et",0.792270862921709
"cord_pic","Mono","CHD2","ranger_et",0.797479730016318
"cord_pic","Mono","ETS2","ranger_et",0.768608345316368
"cord_pic","Mono","MAFB","ranger_et",0.758720442616861
"cord_pic","Mono","ETV5","ranger_et",0.762967654762983
"cord_pic","Mono","CREM","ranger_et",0.788832027210258
"cord_pic","Mono","IKZF1","ranger_et",0.820534472527505
"cord_pic","Mono","SMAD3","ranger_et",0.806394995102459
"cord_pic","Mono","BDP1","ranger_et",0.782845174967957
"cord_pic","Mono","VDR","ranger_et",0.789695555438441
"cord_pic","Mono","XBP1","ranger_et",0.757652091975453
"cord_pic","Mono","ZNF467","ranger_et",0.637529389424413
"cord_pic","Mono","PLAGL1","ranger_et",0.775027564492549
"cord_pic","Mono","RARG","ranger_et",0.793116832214499
"cord_pic","Mono","ATF4","ranger_et",0.78080978780058
"cord_pic","Mono","ID2","ranger_et",0.760800772694296
"cord_pic","Mono","KLF3","ranger_et",0.765831450761879
"cord_pic","Mono","ETV6","ranger_et",0.767186170864134
"cord_pic","Mono","ENO1","ranger_et",0.745080074824406
"cord_pic","Mono","FOXP1","ranger_et",0.812081944270899
"cord_pic","Mono","AHR","ranger_et",0.753793135502251
"cord_pic","Mono","ETS1","ranger_et",0.800586943413942
"cord_pic","Mono","JDP2","ranger_et",0.762619030638458
"cord_pic","Mono","ARNT2","ranger_et",0.780842391203334
"cord_pic","Mono","IKZF3","ranger_et",0.764446024071869
"cord_pic","Mono","ZBTB16","ranger_et",0.800098384887892
"cord_pic","Mono","OLIG2","ranger_et",0.812243157055682
"cord_pic","Mono","EGR2","ranger_et",0.741694477241574
"cord_pic","Mono","LMO2","ranger_et",0.822321159847271
"cord_pic","Mono","ITGB2","ranger_et",0.793695653190603
"cord_pic","Mono","AHRR","ranger_et",0.812475625110887
"cord_pic","Mono","RORA","ranger_et",0.834213381753602
"cord_pic","Mono","DDIT3","ranger_et",0.795332332935546
"cord_pic","Mono","HBP1","ranger_et",0.875777194246301
"cord_pic","Mono","TGIF1","ranger_et",0.858478613847117
"cord_pic","Mono","RBPJ","ranger_et",0.851159309168908
"cord_pic","Mono","HIVEP3","ranger_et",0.866045135322695
"cord_pic","Mono","CREB5","ranger_et",0.821055342937913
"cord_pic","Mono","FOXP4","ranger_et",0.852968122782625
"cord_pic","Mono","BCL11A","ranger_et",0.847740355754728
"cord_pic","Mono","ZFHX3","ranger_et",0.864612866608734
"cord_pic","Mono","ATF5","ranger_et",0.84941770250697
"cord_pic","Mono","EGR1","ranger_et",0.845869568950434
"cord_pic","Mono","ARID3A","ranger_et",0.845832187029049
"cord_pic","Mono","PTEN","ranger_et",0.867779572583307
"cord_pic","Mono","KLF9","ranger_et",0.843711847888602
"cord_pic","Mono","PPARD","ranger_et",0.883184816480412
"cord_pic","Mono","FOSB","ranger_et",0.834530409107404
"cord_pic","Mono","E2F3","ranger_et",0.864529467113444
"cord_pic","Mono","BCL11B","ranger_et",0.893560485901563
"cord_pic","Mono","RUNX1","ranger_et",0.907380252280294
"cord_pic","Mono","PPARG","ranger_et",0.877606533088057
"cord_pic","Mono","BACH1","ranger_et",0.878719524211007
"cord_pic","Mono","TFEC","ranger_et",0.898483450874626
"cord_pic","Mono","REL","ranger_et",0.87924161234754
"cord_pic","Mono","HLX","ranger_et",0.862217890510131
"cord_pic","Mono","HESX1","ranger_et",0.8754081358297
"cord_pic","Mono","IKZF2","ranger_et",0.863434135491885
"cord_pic","Mono","POU2F2","ranger_et",0.862860919081974
"cord_pic","Mono","SPI1","ranger_et",0.856833085636979
"cord_pic","Mono","RXRA","ranger_et",0.849584906797398
"cord_pic","Mono","SP100","ranger_et",0.903876041599452
"cord_pic","Mono","PRDM1","ranger_et",0.904628175621557
"cord_pic","Mono","CEBPB","ranger_et",0.883078358507651
"cord_pic","Mono","HES4","ranger_et",0.862027275931617
"cord_pic","Mono","MAF","ranger_et",0.885149224304271
"cord_pic","Mono","ETV7","ranger_et",0.892626145845718
"cord_pic","Mono","ATF3","ranger_et",0.891003239002488
"cord_pic","Mono","IRF8","ranger_et",0.929613697648977
"cord_pic","Mono","IRF1","ranger_et",0.901209706386867
"cord_pic","Mono","IRF9","ranger_et",0.926847032387958
"cord_pic","Mono","STAT2","ranger_et",0.918193551235104
"cord_pic","Mono","IRF7","ranger_et",0.921149657188758
"cord_pic","Mono","STAT1","ranger_et",0.935045476847619
"cord_pic","Mono","NR3C1","xgboost",0.879537735650841
"cord_pic","Mono","EGR3","xgboost",0.913986569902911
"cord_pic","Mono","KLF6","xgboost",0.897529197488246
"cord_pic","Mono","JUNB","xgboost",0.881766182186845
"cord_pic","Mono","BHLHE41","xgboost",0.85486291847074
"cord_pic","Mono","MYC","xgboost",0.906712466906099
"cord_pic","Mono","PAX8","xgboost",0.912454438226294
"cord_pic","Mono","NFE2L2","xgboost",0.826786893124557
"cord_pic","Mono","RUNX3","xgboost",0.902840361977921
"cord_pic","Mono","TCF7L2","xgboost",0.8897827027025
"cord_pic","Mono","MEF2C","xgboost",0.866571735909319
"cord_pic","Mono","CHD2","xgboost",0.876225961475991
"cord_pic","Mono","ETS2","xgboost",0.888145183059344
"cord_pic","Mono","MAFB","xgboost",0.860197193926087
"cord_pic","Mono","ETV5","xgboost",0.865621391686796
"cord_pic","Mono","CREM","xgboost",0.908108540104848
"cord_pic","Mono","IKZF1","xgboost",0.928287107912397
"cord_pic","Mono","SMAD3","xgboost",0.890894917557405
"cord_pic","Mono","BDP1","xgboost",0.900376351015406
"cord_pic","Mono","VDR","xgboost",0.88453191281433
"cord_pic","Mono","XBP1","xgboost",0.880060945171549
"cord_pic","Mono","ZNF467","xgboost",0.760348505743729
"cord_pic","Mono","PLAGL1","xgboost",0.906069781657656
"cord_pic","Mono","RARG","xgboost",0.907597383636731
"cord_pic","Mono","ATF4","xgboost",0.891208656346383
"cord_pic","Mono","ID2","xgboost",0.868904752975759
"cord_pic","Mono","KLF3","xgboost",0.83827060693264
"cord_pic","Mono","ETV6","xgboost",0.875736686960156
"cord_pic","Mono","ENO1","xgboost",0.870206715056722
"cord_pic","Mono","FOXP1","xgboost",0.925119073612613
"cord_pic","Mono","AHR","xgboost",0.872075672369211
"cord_pic","Mono","ETS1","xgboost",0.917296275238816
"cord_pic","Mono","JDP2","xgboost",0.833849172825395
"cord_pic","Mono","ARNT2","xgboost",0.838617261976375
"cord_pic","Mono","IKZF3","xgboost",0.808658350765294
"cord_pic","Mono","ZBTB16","xgboost",0.852848513740745
"cord_pic","Mono","OLIG2","xgboost",0.873789846228224
"cord_pic","Mono","EGR2","xgboost",0.841044162812849
"cord_pic","Mono","LMO2","xgboost",0.868318961150083
"cord_pic","Mono","ITGB2","xgboost",0.851642624778694
"cord_pic","Mono","AHRR","xgboost",0.845260582234022
"cord_pic","Mono","RORA","xgboost",0.889769399996801
"cord_pic","Mono","DDIT3","xgboost",0.84251821678238
"cord_pic","Mono","HBP1","xgboost",0.911881255526355
"cord_pic","Mono","TGIF1","xgboost",0.914240629955319
"cord_pic","Mono","RBPJ","xgboost",0.882121665420178
"cord_pic","Mono","HIVEP3","xgboost",0.889821912922835
"cord_pic","Mono","CREB5","xgboost",0.886526257439428
"cord_pic","Mono","FOXP4","xgboost",0.922539706879144
"cord_pic","Mono","BCL11A","xgboost",0.921377897783308
"cord_pic","Mono","ZFHX3","xgboost",0.901558704818313
"cord_pic","Mono","ATF5","xgboost",0.889910530385616
"cord_pic","Mono","EGR1","xgboost",0.907451715711961
"cord_pic","Mono","ARID3A","xgboost",0.896061961258775
"cord_pic","Mono","PTEN","xgboost",0.903025802468472
"cord_pic","Mono","KLF9","xgboost",0.907383698071511
"cord_pic","Mono","PPARD","xgboost",0.921178644705079
"cord_pic","Mono","FOSB","xgboost",0.912810463215694
"cord_pic","Mono","E2F3","xgboost",0.907438941611978
"cord_pic","Mono","BCL11B","xgboost",0.91636550110321
"cord_pic","Mono","RUNX1","xgboost",0.929846417434884
"cord_pic","Mono","PPARG","xgboost",0.922235959675911
"cord_pic","Mono","BACH1","xgboost",0.925430564779894
"cord_pic","Mono","TFEC","xgboost",0.93305701606762
"cord_pic","Mono","REL","xgboost",0.915874781672904
"cord_pic","Mono","HLX","xgboost",0.894366246702594
"cord_pic","Mono","HESX1","xgboost",0.923233091003625
"cord_pic","Mono","IKZF2","xgboost",0.89320692361006
"cord_pic","Mono","POU2F2","xgboost",0.913298740955232
"cord_pic","Mono","SPI1","xgboost",0.886503752161718
"cord_pic","Mono","RXRA","xgboost",0.923259914868236
"cord_pic","Mono","SP100","xgboost",0.922656159614074
"cord_pic","Mono","PRDM1","xgboost",0.936380363611932
"cord_pic","Mono","CEBPB","xgboost",0.922824658302073
"cord_pic","Mono","HES4","xgboost",0.89625267710444
"cord_pic","Mono","MAF","xgboost",0.915377591843947
"cord_pic","Mono","ETV7","xgboost",0.935403028665131
"cord_pic","Mono","ATF3","xgboost",0.920443991568769
"cord_pic","Mono","IRF8","xgboost",0.948710348991998
"cord_pic","Mono","IRF1","xgboost",0.926604097540293
"cord_pic","Mono","IRF9","xgboost",0.949274536202249
"cord_pic","Mono","STAT2","xgboost",0.939361675433611
"cord_pic","Mono","IRF7","xgboost",0.943744157263538
"cord_pic","Mono","STAT1","xgboost",0.949592702641845
"cord_pic","Mono","NR3C1","mars",0.820286469647817
"cord_pic","Mono","EGR3","mars",0.864574959045012
"cord_pic","Mono","KLF6","mars",0.851062074202305
"cord_pic","Mono","JUNB","mars",0.807339275723408
"cord_pic","Mono","BHLHE41","mars",0.800834425750094
"cord_pic","Mono","MYC","mars",0.880063801001993
"cord_pic","Mono","PAX8","mars",0.867031788908542
"cord_pic","Mono","NFE2L2","mars",0.681099455393045
"cord_pic","Mono","RUNX3","mars",0.831483108095738
"cord_pic","Mono","TCF7L2","mars",0.800970121610134
"cord_pic","Mono","MEF2C","mars",0.775817122584995
"cord_pic","Mono","CHD2","mars",0.805720011907304
"cord_pic","Mono","ETS2","mars",0.845814850781192
"cord_pic","Mono","MAFB","mars",0.815892042695348
"cord_pic","Mono","ETV5","mars",0.809456684431229
"cord_pic","Mono","CREM","mars",0.84602254372012
"cord_pic","Mono","IKZF1","mars",0.866117945390018
"cord_pic","Mono","SMAD3","mars",0.860048169397031
"cord_pic","Mono","BDP1","mars",0.84700663668902
"cord_pic","Mono","VDR","mars",0.805753019004103
"cord_pic","Mono","XBP1","mars",0.830469579944104
"cord_pic","Mono","ZNF467","mars",0.624482216495846
"cord_pic","Mono","PLAGL1","mars",0.836698338427542
"cord_pic","Mono","RARG","mars",0.871241541508362
"cord_pic","Mono","ATF4","mars",0.823467622270108
"cord_pic","Mono","ID2","mars",0.796919052417359
"cord_pic","Mono","KLF3","mars",0.74924018933833
"cord_pic","Mono","ETV6","mars",0.838636280813418
"cord_pic","Mono","ENO1","mars",0.796177816691904
"cord_pic","Mono","FOXP1","mars",0.877859930911278
"cord_pic","Mono","AHR","mars",0.811786819498692
"cord_pic","Mono","ETS1","mars",0.883418866463659
"cord_pic","Mono","JDP2","mars",0.720977421058691
"cord_pic","Mono","ARNT2","mars",0.764504548893276
"cord_pic","Mono","IKZF3","mars",0.711743581504524
"cord_pic","Mono","ZBTB16","mars",0.812826070449486
"cord_pic","Mono","OLIG2","mars",0.797569748041909
"cord_pic","Mono","EGR2","mars",0.737780324057339
"cord_pic","Mono","LMO2","mars",0.837337731587637
"cord_pic","Mono","ITGB2","mars",0.792743787316926
"cord_pic","Mono","AHRR","mars",0.665355416363854
"cord_pic","Mono","RORA","mars",0.740376701649246
"cord_pic","Mono","DDIT3","mars",0.781339844629968
"cord_pic","Mono","HBP1","mars",0.868996887438868
"cord_pic","Mono","TGIF1","mars",0.807678948903477
"cord_pic","Mono","RBPJ","mars",0.798959622288423
"cord_pic","Mono","HIVEP3","mars",0.84637496862638
"cord_pic","Mono","CREB5","mars",0.824020107503932
"cord_pic","Mono","FOXP4","mars",0.891331564819527
"cord_pic","Mono","BCL11A","mars",0.850746835596655
"cord_pic","Mono","ZFHX3","mars",0.865305609455286
"cord_pic","Mono","ATF5","mars",0.836849038875452
"cord_pic","Mono","EGR1","mars",0.847928182020807
"cord_pic","Mono","ARID3A","mars",0.873003574509647
"cord_pic","Mono","PTEN","mars",0.854298117165423
"cord_pic","Mono","KLF9","mars",0.874848931515131
"cord_pic","Mono","PPARD","mars",0.870318331797363
"cord_pic","Mono","FOSB","mars",0.863450585152716
"cord_pic","Mono","E2F3","mars",0.837592511277703
"cord_pic","Mono","BCL11B","mars",0.858730153040483
"cord_pic","Mono","RUNX1","mars",0.90492567508978
"cord_pic","Mono","PPARG","mars",0.862270262751084
"cord_pic","Mono","BACH1","mars",0.896706429993875
"cord_pic","Mono","TFEC","mars",0.899658386812826
"cord_pic","Mono","REL","mars",0.864758126769301
"cord_pic","Mono","HLX","mars",0.838209934071781
"cord_pic","Mono","HESX1","mars",0.88467080856974
"cord_pic","Mono","IKZF2","mars",0.83709952806524
"cord_pic","Mono","POU2F2","mars",0.85414174898306
"cord_pic","Mono","SPI1","mars",0.802700111548241
"cord_pic","Mono","RXRA","mars",0.880402371728854
"cord_pic","Mono","SP100","mars",0.891372327603178
"cord_pic","Mono","PRDM1","mars",0.891217283967935
"cord_pic","Mono","CEBPB","mars",0.893611867326248
"cord_pic","Mono","HES4","mars",0.854499642063326
"cord_pic","Mono","MAF","mars",0.84655478821786
"cord_pic","Mono","ETV7","mars",0.916770642457375
"cord_pic","Mono","ATF3","mars",0.861379924882555
"cord_pic","Mono","IRF8","mars",0.937010471176872
"cord_pic","Mono","IRF1","mars",0.872120419099285
"cord_pic","Mono","IRF9","mars",0.933581641713487
"cord_pic","Mono","STAT2","mars",0.924236320555082
"cord_pic","Mono","IRF7","mars",0.935903445807367
"cord_pic","Mono","STAT1","mars",0.918383993172617
"cord_pic","Mono","NR3C1","svm_rbf",0.867387225887605
"cord_pic","Mono","EGR3","svm_rbf",0.873014586804602
"cord_pic","Mono","KLF6","svm_rbf",0.863997142398113
"cord_pic","Mono","JUNB","svm_rbf",0.862830813197498
"cord_pic","Mono","BHLHE41","svm_rbf",0.85836791107019
"cord_pic","Mono","MYC","svm_rbf",0.852222279209571
"cord_pic","Mono","PAX8","svm_rbf",0.871318881891898
"cord_pic","Mono","NFE2L2","svm_rbf",0.828191246911659
"cord_pic","Mono","RUNX3","svm_rbf",0.866195764601938
"cord_pic","Mono","TCF7L2","svm_rbf",0.857155109200492
"cord_pic","Mono","MEF2C","svm_rbf",0.866899876232282
"cord_pic","Mono","CHD2","svm_rbf",0.868275861951391
"cord_pic","Mono","ETS2","svm_rbf",0.847079517388671
"cord_pic","Mono","MAFB","svm_rbf",0.862720451222493
"cord_pic","Mono","ETV5","svm_rbf",0.846285496626639
"cord_pic","Mono","CREM","svm_rbf",0.86490240449377
"cord_pic","Mono","IKZF1","svm_rbf",0.876409007573245
"cord_pic","Mono","SMAD3","svm_rbf",0.831289548690459
"cord_pic","Mono","BDP1","svm_rbf",0.85029212561432
"cord_pic","Mono","VDR","svm_rbf",0.851050421012073
"cord_pic","Mono","XBP1","svm_rbf",0.843746077457046
"cord_pic","Mono","ZNF467","svm_rbf",0.797419170257825
"cord_pic","Mono","PLAGL1","svm_rbf",0.85985334423688
"cord_pic","Mono","RARG","svm_rbf",0.860741340783662
"cord_pic","Mono","ATF4","svm_rbf",0.849813277892651
"cord_pic","Mono","ID2","svm_rbf",0.849523964306815
"cord_pic","Mono","KLF3","svm_rbf",0.838778154532301
"cord_pic","Mono","ETV6","svm_rbf",0.844889274487447
"cord_pic","Mono","ENO1","svm_rbf",0.836008430796951
"cord_pic","Mono","FOXP1","svm_rbf",0.889987244422622
"cord_pic","Mono","AHR","svm_rbf",0.850210939511648
"cord_pic","Mono","ETS1","svm_rbf",0.866574366227792
"cord_pic","Mono","JDP2","svm_rbf",0.8272070736444
"cord_pic","Mono","ARNT2","svm_rbf",0.83728324215604
"cord_pic","Mono","IKZF3","svm_rbf",0.805910502547267
"cord_pic","Mono","ZBTB16","svm_rbf",0.836243446354306
"cord_pic","Mono","OLIG2","svm_rbf",0.850892429620432
"cord_pic","Mono","EGR2","svm_rbf",0.850141257964649
"cord_pic","Mono","LMO2","svm_rbf",0.852928094422875
"cord_pic","Mono","ITGB2","svm_rbf",0.834135574810904
"cord_pic","Mono","AHRR","svm_rbf",0.839351765244795
"cord_pic","Mono","RORA","svm_rbf",0.857365657540597
"cord_pic","Mono","DDIT3","svm_rbf",0.854465292120221
"cord_pic","Mono","HBP1","svm_rbf",0.883254991374322
"cord_pic","Mono","TGIF1","svm_rbf",0.880947470244476
"cord_pic","Mono","RBPJ","svm_rbf",0.866351303789683
"cord_pic","Mono","HIVEP3","svm_rbf",0.889653316499072
"cord_pic","Mono","CREB5","svm_rbf",0.884068521586299
"cord_pic","Mono","FOXP4","svm_rbf",0.882817372200038
"cord_pic","Mono","BCL11A","svm_rbf",0.878624950479398
"cord_pic","Mono","ZFHX3","svm_rbf",0.880494034890981
"cord_pic","Mono","ATF5","svm_rbf",0.870583283009375
"cord_pic","Mono","EGR1","svm_rbf",0.875218153803539
"cord_pic","Mono","ARID3A","svm_rbf",0.898788037693391
"cord_pic","Mono","PTEN","svm_rbf",0.89005339170827
"cord_pic","Mono","KLF9","svm_rbf",0.885137961612718
"cord_pic","Mono","PPARD","svm_rbf",0.90576661642428
"cord_pic","Mono","FOSB","svm_rbf",0.889121625048278
"cord_pic","Mono","E2F3","svm_rbf",0.885651750527335
"cord_pic","Mono","BCL11B","svm_rbf",0.905185078322564
"cord_pic","Mono","RUNX1","svm_rbf",0.906405773611452
"cord_pic","Mono","PPARG","svm_rbf",0.886023108397809
"cord_pic","Mono","BACH1","svm_rbf",0.900746042697168
"cord_pic","Mono","TFEC","svm_rbf",0.902478663027958
"cord_pic","Mono","REL","svm_rbf",0.88718597459064
"cord_pic","Mono","HLX","svm_rbf",0.875302332899442
"cord_pic","Mono","HESX1","svm_rbf",0.894089703946053
"cord_pic","Mono","IKZF2","svm_rbf",0.883373922701869
"cord_pic","Mono","POU2F2","svm_rbf",0.900627882068871
"cord_pic","Mono","SPI1","svm_rbf",0.890366514364678
"cord_pic","Mono","RXRA","svm_rbf",0.878260067923964
"cord_pic","Mono","SP100","svm_rbf",0.910892955564731
"cord_pic","Mono","PRDM1","svm_rbf",0.910599072444496
"cord_pic","Mono","CEBPB","svm_rbf",0.895035844739632
"cord_pic","Mono","HES4","svm_rbf",0.891290193473293
"cord_pic","Mono","MAF","svm_rbf",0.887929477848411
"cord_pic","Mono","ETV7","svm_rbf",0.900557152370897
"cord_pic","Mono","ATF3","svm_rbf",0.8972825624906
"cord_pic","Mono","IRF8","svm_rbf",0.925669994305898
"cord_pic","Mono","IRF1","svm_rbf",0.909225736334756
"cord_pic","Mono","IRF9","svm_rbf",0.924493831160134
"cord_pic","Mono","STAT2","svm_rbf",0.915851551653148
"cord_pic","Mono","IRF7","svm_rbf",0.91994258029748
"cord_pic","Mono","STAT1","svm_rbf",0.92832417081199
"cord_pic","B","VEZF1","ranger_et",0.818574036833953
"cord_pic","B","E2F2","ranger_et",0.854766608887301
"cord_pic","B","GLI1","ranger_et",0.828465271698201
"cord_pic","B","ETS2","ranger_et",0.842282272201838
"cord_pic","B","TCF7L2","ranger_et",0.8425786040466
"cord_pic","B","ETS1","ranger_et",0.817588078452073
"cord_pic","B","KLF7","ranger_et",0.794527245892315
"cord_pic","B","BCL11B","ranger_et",0.838252700946583
"cord_pic","B","KLF8","ranger_et",0.720840003814617
"cord_pic","B","YBX1","ranger_et",0.762270223108984
"cord_pic","B","REL","ranger_et",0.81257452826802
"cord_pic","B","ID2","ranger_et",0.839492754045845
"cord_pic","B","ESR2","ranger_et",0.837354258495038
"cord_pic","B","HIVEP2","ranger_et",0.829341915657891
"cord_pic","B","JUNB","ranger_et",0.818489025921122
"cord_pic","B","TCFL5","ranger_et",0.834732757121249
"cord_pic","B","TFEC","ranger_et",0.842098065290198
"cord_pic","B","EGR1","ranger_et",0.843681954718808
"cord_pic","B","HOXB4","ranger_et",0.799893655107172
"cord_pic","B","ERG","ranger_et",0.84371615143704
"cord_pic","B","MYBL1","ranger_et",0.836376543726781
"cord_pic","B","TAL2","ranger_et",0.790758718450769
"cord_pic","B","EGR3","ranger_et",0.851435912036792
"cord_pic","B","FOSL2","ranger_et",0.794598252102982
"cord_pic","B","NR4A2","ranger_et",0.850177472426323
"cord_pic","B","SPIB","ranger_et",0.835195970493725
"cord_pic","B","MYB","ranger_et",0.824320018670294
"cord_pic","B","PAX5","ranger_et",0.832214105825079
"cord_pic","B","E2F5","ranger_et",0.853588971258732
"cord_pic","B","BDP1","ranger_et",0.843913819034222
"cord_pic","B","ELF1","ranger_et",0.844987556953587
"cord_pic","B","POU2F2","ranger_et",0.825906212578521
"cord_pic","B","KLF3","ranger_et",0.850140934425155
"cord_pic","B","ATF5","ranger_et",0.827047668845024
"cord_pic","B","JUND","ranger_et",0.859390598469043
"cord_pic","B","XBP1","ranger_et",0.837466296398566
"cord_pic","B","NFKB2","ranger_et",0.80318819448139
"cord_pic","B","BACH2","ranger_et",0.810139979848763
"cord_pic","B","RORA","ranger_et",0.841716789816555
"cord_pic","B","HESX1","ranger_et",0.805501313914315
"cord_pic","B","BACH1","ranger_et",0.796586006506201
"cord_pic","B","NFIX","ranger_et",0.841646319066863
"cord_pic","B","CREM","ranger_et",0.847459635421842
"cord_pic","B","KLF9","ranger_et",0.850933669456676
"cord_pic","B","ENO1","ranger_et",0.862059580694704
"cord_pic","B","HES1","ranger_et",0.860397997274061
"cord_pic","B","THRA","ranger_et",0.85940225753908
"cord_pic","B","FOSB","ranger_et",0.846496714101266
"cord_pic","B","SMAD2","ranger_et",0.833100386707452
"cord_pic","B","ZBTB16","ranger_et",0.844533673165889
"cord_pic","B","IRF4","ranger_et",0.856013219905941
"cord_pic","B","TCF4","ranger_et",0.834472489318711
"cord_pic","B","FOS","ranger_et",0.863708203063599
"cord_pic","B","TP63","ranger_et",0.842952843957524
"cord_pic","B","NR4A3","ranger_et",0.831606288379867
"cord_pic","B","SMARCA5","ranger_et",0.861224597577543
"cord_pic","B","ETV7","ranger_et",0.843855329346974
"cord_pic","B","NR4A1","ranger_et",0.851368266552696
"cord_pic","B","HIVEP3","ranger_et",0.859513610549843
"cord_pic","B","CHD2","ranger_et",0.848004579683592
"cord_pic","B","MAFB","ranger_et",0.84368660781779
"cord_pic","B","MYC","ranger_et",0.870179215114379
"cord_pic","B","SMAD1","ranger_et",0.868382899153947
"cord_pic","B","KLF2","ranger_et",0.871463579504229
"cord_pic","B","IRF1","ranger_et",0.851037529452072
"cord_pic","B","ELK3","ranger_et",0.860955315952316
"cord_pic","B","MEF2C","ranger_et",0.846912620160876
"cord_pic","B","IKZF2","ranger_et",0.834974419282912
"cord_pic","B","BCLAF1","ranger_et",0.867436755324687
"cord_pic","B","NFKB1","ranger_et",0.863188788827654
"cord_pic","B","EGR2","ranger_et",0.862379885842438
"cord_pic","B","JUN","ranger_et",0.858261435915273
"cord_pic","B","FOXP1","ranger_et",0.862771738322086
"cord_pic","B","EBF1","ranger_et",0.863653774640376
"cord_pic","B","KLF6","ranger_et",0.862323713925156
"cord_pic","B","BCL6","ranger_et",0.888569893124564
"cord_pic","B","NR3C1","ranger_et",0.887622013306339
"cord_pic","B","STAT2","ranger_et",0.839786903591644
"cord_pic","B","NFATC1","ranger_et",0.897905088841574
"cord_pic","B","IRF8","ranger_et",0.896300504656912
"cord_pic","B","IRF9","ranger_et",0.885705150362284
"cord_pic","B","IRF7","ranger_et",0.876979943643792
"cord_pic","B","STAT1","ranger_et",0.909973606984335
"cord_pic","B","VEZF1","xgboost",0.855401485340185
"cord_pic","B","E2F2","xgboost",0.885419169580517
"cord_pic","B","GLI1","xgboost",0.857971490934524
"cord_pic","B","ETS2","xgboost",0.871536980881769
"cord_pic","B","TCF7L2","xgboost",0.880951839744695
"cord_pic","B","ETS1","xgboost",0.865034373431435
"cord_pic","B","KLF7","xgboost",0.840901544562756
"cord_pic","B","BCL11B","xgboost",0.885679569513445
"cord_pic","B","KLF8","xgboost",0.77603881452057
"cord_pic","B","YBX1","xgboost",0.790502014908445
"cord_pic","B","REL","xgboost",0.860869589681553
"cord_pic","B","ID2","xgboost",0.873036918193733
"cord_pic","B","ESR2","xgboost",0.870600244040886
"cord_pic","B","HIVEP2","xgboost",0.869447800753622
"cord_pic","B","JUNB","xgboost",0.852824364696337
"cord_pic","B","TCFL5","xgboost",0.866093832382735
"cord_pic","B","TFEC","xgboost",0.863154701123326
"cord_pic","B","EGR1","xgboost",0.883607759754793
"cord_pic","B","HOXB4","xgboost",0.830443240388105
"cord_pic","B","ERG","xgboost",0.879373201105242
"cord_pic","B","MYBL1","xgboost",0.867241798376384
"cord_pic","B","TAL2","xgboost",0.817444829914524
"cord_pic","B","EGR3","xgboost",0.875615565125078
"cord_pic","B","FOSL2","xgboost",0.840524081784319
"cord_pic","B","NR4A2","xgboost",0.878720591566309
"cord_pic","B","SPIB","xgboost",0.879778327851553
"cord_pic","B","MYB","xgboost",0.847180714379833
"cord_pic","B","PAX5","xgboost",0.861873132685951
"cord_pic","B","E2F5","xgboost",0.881807619361675
"cord_pic","B","BDP1","xgboost",0.878042897214287
"cord_pic","B","ELF1","xgboost",0.878363086368684
"cord_pic","B","POU2F2","xgboost",0.86475044426662
"cord_pic","B","KLF3","xgboost",0.886849796182252
"cord_pic","B","ATF5","xgboost",0.862274120446912
"cord_pic","B","JUND","xgboost",0.888974891114499
"cord_pic","B","XBP1","xgboost",0.867691591804863
"cord_pic","B","NFKB2","xgboost",0.832753712386094
"cord_pic","B","BACH2","xgboost",0.83604872139653
"cord_pic","B","RORA","xgboost",0.863598055760231
"cord_pic","B","HESX1","xgboost",0.845591593476932
"cord_pic","B","BACH1","xgboost",0.819766983629158
"cord_pic","B","NFIX","xgboost",0.86989196297906
"cord_pic","B","CREM","xgboost",0.886110552948621
"cord_pic","B","KLF9","xgboost",0.882763358759792
"cord_pic","B","ENO1","xgboost",0.894270665854353
"cord_pic","B","HES1","xgboost",0.89312872520334
"cord_pic","B","THRA","xgboost",0.888242985799168
"cord_pic","B","FOSB","xgboost",0.872523415909036
"cord_pic","B","SMAD2","xgboost",0.870689738837286
"cord_pic","B","ZBTB16","xgboost",0.891873939863561
"cord_pic","B","IRF4","xgboost",0.893221596666489
"cord_pic","B","TCF4","xgboost",0.864602342672515
"cord_pic","B","FOS","xgboost",0.896104612153133
"cord_pic","B","TP63","xgboost",0.858072128076117
"cord_pic","B","NR4A3","xgboost",0.852372240423063
"cord_pic","B","SMARCA5","xgboost",0.887308524744989
"cord_pic","B","ETV7","xgboost",0.878342427590819
"cord_pic","B","NR4A1","xgboost",0.869558770889404
"cord_pic","B","HIVEP3","xgboost",0.88306814531964
"cord_pic","B","CHD2","xgboost",0.87496726390419
"cord_pic","B","MAFB","xgboost",0.874749073240829
"cord_pic","B","MYC","xgboost",0.90682969087526
"cord_pic","B","SMAD1","xgboost",0.891266342674929
"cord_pic","B","KLF2","xgboost",0.900426534435572
"cord_pic","B","IRF1","xgboost",0.875082027554562
"cord_pic","B","ELK3","xgboost",0.890441232927176
"cord_pic","B","MEF2C","xgboost",0.871154027442118
"cord_pic","B","IKZF2","xgboost",0.87254739582561
"cord_pic","B","BCLAF1","xgboost",0.902688290357347
"cord_pic","B","NFKB1","xgboost",0.890619085981719
"cord_pic","B","EGR2","xgboost",0.887979483069345
"cord_pic","B","JUN","xgboost",0.886257346996741
"cord_pic","B","FOXP1","xgboost",0.892860450191993
"cord_pic","B","EBF1","xgboost",0.881329411526204
"cord_pic","B","KLF6","xgboost",0.880140124775619
"cord_pic","B","BCL6","xgboost",0.91742253296535
"cord_pic","B","NR3C1","xgboost",0.909449689818115
"cord_pic","B","STAT2","xgboost",0.876905610677556
"cord_pic","B","NFATC1","xgboost",0.917225027155167
"cord_pic","B","IRF8","xgboost",0.912665815247478
"cord_pic","B","IRF9","xgboost",0.913596959507533
"cord_pic","B","IRF7","xgboost",0.904333690396473
"cord_pic","B","STAT1","xgboost",0.923608405014323
"cord_pic","B","VEZF1","mars",0.813500022866406
"cord_pic","B","E2F2","mars",0.8536675476624
"cord_pic","B","GLI1","mars",0.807437758319615
"cord_pic","B","ETS2","mars",0.82094556708766
"cord_pic","B","TCF7L2","mars",0.843486836374965
"cord_pic","B","ETS1","mars",0.818665618247011
"cord_pic","B","KLF7","mars",0.797537035474554
"cord_pic","B","BCL11B","mars",0.849729777301138
"cord_pic","B","KLF8","mars",0.673360988246161
"cord_pic","B","YBX1","mars",0.730901459275939
"cord_pic","B","REL","mars",0.783525012355837
"cord_pic","B","ID2","mars",0.834351229299484
"cord_pic","B","ESR2","mars",0.839514374391728
"cord_pic","B","HIVEP2","mars",0.829401334203301
"cord_pic","B","JUNB","mars",0.802475445244456
"cord_pic","B","TCFL5","mars",0.810521218984816
"cord_pic","B","TFEC","mars",0.82822282982386
"cord_pic","B","EGR1","mars",0.827223844683623
"cord_pic","B","HOXB4","mars",0.782306760507034
"cord_pic","B","ERG","mars",0.821168985123515
"cord_pic","B","MYBL1","mars",0.825295955380046
"cord_pic","B","TAL2","mars",0.754295126897871
"cord_pic","B","EGR3","mars",0.84788549740258
"cord_pic","B","FOSL2","mars",-0.0242639095639681
"cord_pic","B","NR4A2","mars",0.840791276128141
"cord_pic","B","SPIB","mars",0.832385307685964
"cord_pic","B","MYB","mars",0.807895385403873
"cord_pic","B","PAX5","mars",0.817530955565624
"cord_pic","B","E2F5","mars",0.822079399943681
"cord_pic","B","BDP1","mars",0.826942960489272
"cord_pic","B","ELF1","mars",0.838396905815098
"cord_pic","B","POU2F2","mars",0.806406503149795
"cord_pic","B","KLF3","mars",0.84927638951101
"cord_pic","B","ATF5","mars",0.81201147068214
"cord_pic","B","JUND","mars",0.849040660653355
"cord_pic","B","XBP1","mars",0.824297000508953
"cord_pic","B","NFKB2","mars",0.790168858015395
"cord_pic","B","BACH2","mars",0.78579989326473
"cord_pic","B","RORA","mars",0.820771698766173
"cord_pic","B","HESX1","mars",0.815246993438198
"cord_pic","B","BACH1","mars",0.710299034965014
"cord_pic","B","NFIX","mars",0.823555944556525
"cord_pic","B","CREM","mars",0.833347817423078
"cord_pic","B","KLF9","mars",0.838037907492057
"cord_pic","B","ENO1","mars",0.851024521229233
"cord_pic","B","HES1","mars",0.837259509383376
"cord_pic","B","THRA","mars",0.844496940605381
"cord_pic","B","FOSB","mars",0.831729473473095
"cord_pic","B","SMAD2","mars",0.818754202165988
"cord_pic","B","ZBTB16","mars",0.83668570361692
"cord_pic","B","IRF4","mars",0.852624396668121
"cord_pic","B","TCF4","mars",-0.350893223481541
"cord_pic","B","FOS","mars",0.866182492707306
"cord_pic","B","TP63","mars",0.814695251945022
"cord_pic","B","NR4A3","mars",0.809000017393947
"cord_pic","B","SMARCA5","mars",0.864017759847172
"cord_pic","B","ETV7","mars",0.770957072657827
"cord_pic","B","NR4A1","mars",0.84192022133366
"cord_pic","B","HIVEP3","mars",0.862815892328567
"cord_pic","B","CHD2","mars",0.833498325266101
"cord_pic","B","MAFB","mars",0.835706889067311
"cord_pic","B","MYC","mars",0.861221967200281
"cord_pic","B","SMAD1","mars",0.876324099606199
"cord_pic","B","KLF2","mars",0.880335443505921
"cord_pic","B","IRF1","mars",0.828708360142478
"cord_pic","B","ELK3","mars",0.851245956812343
"cord_pic","B","MEF2C","mars",0.851551489355121
"cord_pic","B","IKZF2","mars",0.821550379005804
"cord_pic","B","BCLAF1","mars",0.873881039293988
"cord_pic","B","NFKB1","mars",0.872461295281932
"cord_pic","B","EGR2","mars",0.855734987765679
"cord_pic","B","JUN","mars",0.822706203669713
"cord_pic","B","FOXP1","mars",0.850048749439781
"cord_pic","B","EBF1","mars",0.850607175754224
"cord_pic","B","KLF6","mars",0.844982840970195
"cord_pic","B","BCL6","mars",0.896071849239241
"cord_pic","B","NR3C1","mars",0.880064392746745
"cord_pic","B","STAT2","mars",0.847607181128097
"cord_pic","B","NFATC1","mars",0.877569656769358
"cord_pic","B","IRF8","mars",0.851660212025559
"cord_pic","B","IRF9","mars",0.883345735296797
"cord_pic","B","IRF7","mars",0.863120228619787
"cord_pic","B","STAT1","mars",0.907938546011011
"cord_pic","B","VEZF1","svm_rbf",0.846450340045381
"cord_pic","B","E2F2","svm_rbf",0.895376154113599
"cord_pic","B","GLI1","svm_rbf",0.87001609388827
"cord_pic","B","ETS2","svm_rbf",0.883989122938586
"cord_pic","B","TCF7L2","svm_rbf",0.882416682789985
"cord_pic","B","ETS1","svm_rbf",0.868153169187242
"cord_pic","B","KLF7","svm_rbf",0.836472234614995
"cord_pic","B","BCL11B","svm_rbf",0.888219974086447
"cord_pic","B","KLF8","svm_rbf",0.768952395403655
"cord_pic","B","YBX1","svm_rbf",0.817314775727021
"cord_pic","B","REL","svm_rbf",0.853478248339666
"cord_pic","B","ID2","svm_rbf",0.889419925714521
"cord_pic","B","ESR2","svm_rbf",0.893694948204299
"cord_pic","B","HIVEP2","svm_rbf",0.873434194101984
"cord_pic","B","JUNB","svm_rbf",0.85912379957014
"cord_pic","B","TCFL5","svm_rbf",0.89081579039994
"cord_pic","B","TFEC","svm_rbf",0.88605255523345
"cord_pic","B","EGR1","svm_rbf",0.895783086949857
"cord_pic","B","HOXB4","svm_rbf",0.829212940791304
"cord_pic","B","ERG","svm_rbf",0.881786556518498
"cord_pic","B","MYBL1","svm_rbf",0.887774160113508
"cord_pic","B","TAL2","svm_rbf",0.839753242927755
"cord_pic","B","EGR3","svm_rbf",0.887218366463687
"cord_pic","B","FOSL2","svm_rbf",0.821851886268194
"cord_pic","B","NR4A2","svm_rbf",0.899391280845607
"cord_pic","B","SPIB","svm_rbf",0.871150251745944
"cord_pic","B","MYB","svm_rbf",0.861241278195973
"cord_pic","B","PAX5","svm_rbf",0.879758156873925
"cord_pic","B","E2F5","svm_rbf",0.894995600648426
"cord_pic","B","BDP1","svm_rbf",0.880935588043084
"cord_pic","B","ELF1","svm_rbf",0.897030293625413
"cord_pic","B","POU2F2","svm_rbf",0.890482300435023
"cord_pic","B","KLF3","svm_rbf",0.895290024964565
"cord_pic","B","ATF5","svm_rbf",0.874019294008013
"cord_pic","B","JUND","svm_rbf",0.89031926188405
"cord_pic","B","XBP1","svm_rbf",0.878046210883245
"cord_pic","B","NFKB2","svm_rbf",0.840674414691899
"cord_pic","B","BACH2","svm_rbf",0.864795276575034
"cord_pic","B","RORA","svm_rbf",0.877518727904193
"cord_pic","B","HESX1","svm_rbf",0.83053230158527
"cord_pic","B","BACH1","svm_rbf",0.84835506579028
"cord_pic","B","NFIX","svm_rbf",0.882388696952416
"cord_pic","B","CREM","svm_rbf",0.883828226594492
"cord_pic","B","KLF9","svm_rbf",0.902128019073584
"cord_pic","B","ENO1","svm_rbf",0.905897698676698
"cord_pic","B","HES1","svm_rbf",0.898680956708296
"cord_pic","B","THRA","svm_rbf",0.898250650767191
"cord_pic","B","FOSB","svm_rbf",0.884897844387831
"cord_pic","B","SMAD2","svm_rbf",0.841754039046835
"cord_pic","B","ZBTB16","svm_rbf",0.862038366426291
"cord_pic","B","IRF4","svm_rbf",0.888662030407499
"cord_pic","B","TCF4","svm_rbf",0.832441057598128
"cord_pic","B","FOS","svm_rbf",0.906664947622472
"cord_pic","B","TP63","svm_rbf",0.873413746022757
"cord_pic","B","NR4A3","svm_rbf",0.873737348094069
"cord_pic","B","SMARCA5","svm_rbf",0.898673928540813
"cord_pic","B","ETV7","svm_rbf",0.849419585143382
"cord_pic","B","NR4A1","svm_rbf",0.898132809898345
"cord_pic","B","HIVEP3","svm_rbf",0.890242447462497
"cord_pic","B","CHD2","svm_rbf",0.904445598499778
"cord_pic","B","MAFB","svm_rbf",0.852617453095528
"cord_pic","B","MYC","svm_rbf",0.911912262948868
"cord_pic","B","SMAD1","svm_rbf",0.908287111919101
"cord_pic","B","KLF2","svm_rbf",0.912709572657593
"cord_pic","B","IRF1","svm_rbf",0.903188546625767
"cord_pic","B","ELK3","svm_rbf",0.903769374121925
"cord_pic","B","MEF2C","svm_rbf",0.899720097448425
"cord_pic","B","IKZF2","svm_rbf",0.84056004630612
"cord_pic","B","BCLAF1","svm_rbf",0.915700322451514
"cord_pic","B","NFKB1","svm_rbf",0.904798122765924
"cord_pic","B","EGR2","svm_rbf",0.907344791537531
"cord_pic","B","JUN","svm_rbf",0.866466621544786
"cord_pic","B","FOXP1","svm_rbf",0.863607474379203
"cord_pic","B","EBF1","svm_rbf",0.875865744727199
"cord_pic","B","KLF6","svm_rbf",0.891693494017145
"cord_pic","B","BCL6","svm_rbf",0.901226989787405
"cord_pic","B","NR3C1","svm_rbf",0.879099110634391
"cord_pic","B","STAT2","svm_rbf",0.847262647492776
"cord_pic","B","NFATC1","svm_rbf",0.89601700143516
"cord_pic","B","IRF8","svm_rbf",0.894784931310142
"cord_pic","B","IRF9","svm_rbf",0.880172859417492
"cord_pic","B","IRF7","svm_rbf",0.868597508820979
"cord_pic","B","STAT1","svm_rbf",0.900905763150872
